"STATION","DATE","LATITUDE","LONGITUDE","ELEVATION","NAME","TEMP","TEMP_ATTRIBUTES","DEWP","DEWP_ATTRIBUTES","SLP","SLP_ATTRIBUTES","STP","STP_ATTRIBUTES","VISIB","VISIB_ATTRIBUTES","WDSP","WDSP_ATTRIBUTES","MXSPD","GUST","MAX","MAX_ATTRIBUTES","MIN","MIN_ATTRIBUTES","PRCP","PRCP_ATTRIBUTES","SNDP","FRSHTT"
"10513099999","2015-01-01","50.865917","7.142744","92.04","KOLN BONN, GM","  34.0","24","  32.2","24","9999.9"," 0","999.9"," 0","  1.5","13","  6.2","24"," 11.1","999.9","  41.0","*","  30.2","*"," 0.00","I","999.9","100000"
"10513099999","2015-01-02","50.865917","7.142744","92.04","KOLN BONN, GM","  40.1","24","  34.5","24","9999.9"," 0","999.9"," 0","  5.9","16"," 10.8","24"," 14.0"," 21.0","  46.4","*","  33.8","*","99.99"," ","999.9","010000"
"10513099999","2015-01-03","50.865917","7.142744","92.04","KOLN BONN, GM","  35.5","24","  32.4","24","9999.9"," 0","999.9"," 0","  5.4","17","  6.0","24","  9.9","999.9","  37.4","*","  32.0","*","99.99"," ","999.9","011000"
"10513099999","2015-01-04","50.865917","7.142744","92.04","KOLN BONN, GM","  36.7","24","  34.2","24","9999.9"," 0","999.9"," 0","  5.1","24","  4.9","24"," 13.0","999.9","  42.8","*","  32.0","*"," 0.00","I","999.9","000000"
"10513099999","2015-01-05","50.865917","7.142744","92.04","KOLN BONN, GM","  34.0","24","  29.4","24","9999.9"," 0","999.9"," 0","  6.2","19","  3.9","24","  7.0","999.9","  42.8","*","  30.2","*"," 0.00","I","999.9","000000"
"10513099999","2015-01-06","50.865917","7.142744","92.04","KOLN BONN, GM","  33.6","24","  28.3","24","9999.9"," 0","999.9"," 0","  6.1","11","  6.0","24","  9.9","999.9","  39.2","*","  30.2","*","99.99"," ","999.9","010000"
"10513099999","2015-01-07","50.865917","7.142744","92.04","KOLN BONN, GM","  38.4","24","  34.6","24","9999.9"," 0","999.9"," 0","  6.2","19","  6.3","24","  9.9","999.9","  44.6","*","  32.0","*","99.99"," ","999.9","010000"
"10513099999","2015-01-08","50.865917","7.142744","92.04","KOLN BONN, GM","  41.9","24","  39.2","24","9999.9"," 0","999.9"," 0","  6.1","23"," 10.2","24"," 22.0","999.9","  48.2","*","  35.6","*","99.99"," ","999.9","010000"
"10513099999","2015-01-09","50.865917","7.142744","92.04","KOLN BONN, GM","  47.5","24","  41.5","24","9999.9"," 0","999.9"," 0","  6.0","24"," 12.4","24"," 25.1"," 38.1","  57.2","*","  37.4","*","99.99"," ","999.9","010000"
"10513099999","2015-01-10","50.865917","7.142744","92.04","KOLN BONN, GM","  52.7","24","  44.6","24","9999.9"," 0","999.9"," 0","  6.1","22"," 15.7","24"," 27.0"," 39.0","  57.2","*","  39.2","*","99.99"," ","999.9","010000"
"10513099999","2015-01-11","50.865917","7.142744","92.04","KOLN BONN, GM","  40.0","24","  32.0","24","9999.9"," 0","999.9"," 0","  6.2","24"," 15.1","24"," 24.1"," 35.0","  42.8","*","  37.4","*","99.99"," ","999.9","011000"
"10513099999","2015-01-12","50.865917","7.142744","92.04","KOLN BONN, GM","  45.7","24","  37.7","24","9999.9"," 0","999.9"," 0","  6.2","24"," 13.7","24"," 18.1"," 28.0","  48.2","*","  42.8","*","99.99"," ","999.9","010000"
"10513099999","2015-01-13","50.865917","7.142744","92.04","KOLN BONN, GM","  49.2","24","  39.8","24","9999.9"," 0","999.9"," 0","  6.2","17"," 12.5","24"," 18.1"," 28.9","  53.6","*","  41.0","*","99.99"," ","999.9","010000"
"10513099999","2015-01-14","50.865917","7.142744","92.04","KOLN BONN, GM","  38.6","24","  34.1","24","9999.9"," 0","999.9"," 0","  5.9","14","  9.4","24"," 21.0"," 35.0","  46.4","*","  33.8","*","99.99"," ","999.9","010000"
"10513099999","2015-01-15","50.865917","7.142744","92.04","KOLN BONN, GM","  47.6","24","  38.5","24","9999.9"," 0","999.9"," 0","  6.2","23"," 14.2","24"," 20.0"," 32.1","  51.8","*","  39.2","*","99.99"," ","999.9","010000"
"10513099999","2015-01-16","50.865917","7.142744","92.04","KOLN BONN, GM","  43.0","24","  36.2","24","9999.9"," 0","999.9"," 0","  6.2","15","  4.7","24","  8.9","999.9","  46.4","*","  37.4","*"," 0.00","I","999.9","000000"
"10513099999","2015-01-17","50.865917","7.142744","92.04","KOLN BONN, GM","  37.4","24","  32.4","24","9999.9"," 0","999.9"," 0","  6.2","19","  5.0","24"," 12.0","999.9","  42.8","*","  30.2","*","99.99"," ","999.9","010000"
"10513099999","2015-01-18","50.865917","7.142744","92.04","KOLN BONN, GM","  34.5","24","  27.8","24","9999.9"," 0","999.9"," 0","  6.2","12","  7.1","24","  9.9","999.9","  41.0","*","  30.2","*","99.99"," ","999.9","010000"
"10513099999","2015-01-19","50.865917","7.142744","92.04","KOLN BONN, GM","  31.3","24","  27.2","24","9999.9"," 0","999.9"," 0","  6.2","16","  3.2","24","  7.0","999.9","  35.6","*","  26.6","*"," 0.00","I","999.9","000000"
"10513099999","2015-01-20","50.865917","7.142744","92.04","KOLN BONN, GM","  32.8","24","  30.1","24","9999.9"," 0","999.9"," 0","  4.6","24","  2.5","24","  5.1","999.9","  35.6","*","  30.2","*","99.99"," ","999.9","001000"
"10513099999","2015-01-21","50.865917","7.142744","92.04","KOLN BONN, GM","  32.4","24","  25.5","24","9999.9"," 0","999.9"," 0","  6.2","21","  5.3","24","  8.9","999.9","  35.6","*","  26.6","*","99.99"," ","999.9","001000"
"10513099999","2015-01-22","50.865917","7.142744","92.04","KOLN BONN, GM","  33.3","24","  27.4","24","9999.9"," 0","999.9"," 0","  6.2","24","  4.1","24","  7.0","999.9","  35.6","*","  32.0","*"," 0.00","I","999.9","000000"
"10513099999","2015-01-23","50.865917","7.142744","92.04","KOLN BONN, GM","  32.9","24","  28.2","24","9999.9"," 0","999.9"," 0","  5.6","24","  4.5","24","  8.0","999.9","  35.6","*","  30.2","*"," 0.00","I","999.9","000000"
"10513099999","2015-01-24","50.865917","7.142744","92.04","KOLN BONN, GM","  30.9","24","  29.7","24","9999.9"," 0","999.9"," 0","  2.7","21","  4.7","24","  7.0","999.9","  33.8","*","  28.4","*","99.99"," ","999.9","101000"
"10513099999","2015-01-25","50.865917","7.142744","92.04","KOLN BONN, GM","  33.4","24","  33.2","24","9999.9"," 0","999.9"," 0","  3.7","24","  2.5","24","  6.0","999.9","  37.4","*","  26.6","*","99.99"," ","999.9","110000"
"10513099999","2015-01-26","50.865917","7.142744","92.04","KOLN BONN, GM","  37.6","24","  36.7","24","9999.9"," 0","999.9"," 0","  4.6","24","  7.7","24"," 15.9"," 27.0","  42.8","*","  33.8","*","99.99"," ","999.9","010000"
"10513099999","2015-01-27","50.865917","7.142744","92.04","KOLN BONN, GM","  38.8","24","  36.1","24","9999.9"," 0","999.9"," 0","  6.0","24","  7.4","24"," 13.0"," 20.0","  41.0","*","  35.6","*","99.99"," ","999.9","010000"
"10513099999","2015-01-28","50.865917","7.142744","92.04","KOLN BONN, GM","  39.3","24","  34.4","24","9999.9"," 0","999.9"," 0","  6.2","24"," 11.2","24"," 25.1"," 41.0","  42.8","*","  35.6","*","99.99"," ","999.9","010000"
"10513099999","2015-01-29","50.865917","7.142744","92.04","KOLN BONN, GM","  37.2","24","  31.1","24","9999.9"," 0","999.9"," 0","  6.2","19","  9.5","24"," 17.1"," 27.0","  44.6","*","  33.8","*","99.99"," ","999.9","010000"
"10513099999","2015-01-30","50.865917","7.142744","92.04","KOLN BONN, GM","  34.8","24","  30.7","24","9999.9"," 0","999.9"," 0","  5.9","24","  8.8","24"," 15.0"," 19.0","  39.2","*","  32.0","*","99.99"," ","999.9","011000"
"10513099999","2015-01-31","50.865917","7.142744","92.04","KOLN BONN, GM","  36.1","24","  29.7","24","9999.9"," 0","999.9"," 0","  6.2","23","  6.5","24"," 11.1","999.9","  44.6","*","  30.2","*","99.99"," ","999.9","011000"
"10513099999","2015-02-01","50.865917","7.142744","92.04","KOLN BONN, GM","  33.4","24","  31.2","24","9999.9"," 0","999.9"," 0","  5.5","24","  4.2","24","  8.0","999.9","  37.4","*","  30.2","*","99.99"," ","999.9","011000"
"10513099999","2015-02-02","50.865917","7.142744","92.04","KOLN BONN, GM","  34.5","24","  32.3","24","9999.9"," 0","999.9"," 0","  5.5","24","  9.3","24"," 15.9","999.9","  35.6","*","  33.8","*","99.99"," ","999.9","011000"
"10513099999","2015-02-03","50.865917","7.142744","92.04","KOLN BONN, GM","  33.3","24","  30.8","24","9999.9"," 0","999.9"," 0","  5.2","24","  3.4","24","  8.0","999.9","  35.6","*","  26.6","*","99.99"," ","999.9","111000"
"10513099999","2015-02-04","50.865917","7.142744","92.04","KOLN BONN, GM","  28.9","24","  27.4","24","9999.9"," 0","999.9"," 0","  6.0","23","  2.7","24","  6.0","999.9","  35.6","*","  23.0","*"," 0.00","I","999.9","000000"
"10513099999","2015-02-05","50.865917","7.142744","92.04","KOLN BONN, GM","  27.1","24","  21.9","24","9999.9"," 0","999.9"," 0","  6.2","24","  4.9","24","  8.9","999.9","  32.0","*","  21.2","*","99.99"," ","999.9","001000"
"10513099999","2015-02-06","50.865917","7.142744","92.04","KOLN BONN, GM","  28.9","24","  20.3","24","9999.9"," 0","999.9"," 0","  6.2","11","  6.8","24"," 13.0"," 18.1","  37.4","*","  23.0","*"," 0.00","I","999.9","000000"
"10513099999","2015-02-07","50.865917","7.142744","92.04","KOLN BONN, GM","  30.4","24","  24.3","24","9999.9"," 0","999.9"," 0","  3.5","11","  5.0","24"," 11.1","999.9","  39.2","*","  17.6","*","99.99"," ","999.9","010000"
"10513099999","2015-02-08","50.865917","7.142744","92.04","KOLN BONN, GM","  37.0","24","  30.6","24","9999.9"," 0","999.9"," 0","  5.6","24","  8.6","24"," 13.0"," 22.0","  39.2","*","  32.0","*","99.99"," ","999.9","010000"
"10513099999","2015-02-09","50.865917","7.142744","92.04","KOLN BONN, GM","  39.4","24","  37.3","24","9999.9"," 0","999.9"," 0","  4.2","24","  8.9","24"," 13.0","999.9","  41.0","*","  37.4","*","99.99"," ","999.9","010000"
"10513099999","2015-02-10","50.865917","7.142744","92.04","KOLN BONN, GM","  40.7","24","  38.2","24","9999.9"," 0","999.9"," 0","  4.9","24","  5.2","24","  8.9","999.9","  41.0","*","  39.2","*","99.99"," ","999.9","010000"
"10513099999","2015-02-11","50.865917","7.142744","92.04","KOLN BONN, GM","  38.2","24","  32.5","24","9999.9"," 0","999.9"," 0","  6.2","22","  7.2","24"," 12.0","999.9","  41.0","*","  35.6","*"," 0.00","I","999.9","000000"
"10513099999","2015-02-12","50.865917","7.142744","92.04","KOLN BONN, GM","  36.9","24","  31.9","24","9999.9"," 0","999.9"," 0","  5.5","18","  7.8","24","  9.9","999.9","  42.8","*","  32.0","*"," 0.00","I","999.9","000000"
"10513099999","2015-02-13","50.865917","7.142744","92.04","KOLN BONN, GM","  37.3","24","  31.0","24","9999.9"," 0","999.9"," 0","  5.0","10","  9.1","24"," 13.0","999.9","  46.4","*","  32.0","*"," 0.00","I","999.9","000000"
"10513099999","2015-02-14","50.865917","7.142744","92.04","KOLN BONN, GM","  42.0","24","  33.0","24","9999.9"," 0","999.9"," 0","  6.2","11","  9.6","24"," 15.9"," 22.0","  50.0","*","  33.8","*"," 0.00","I","999.9","000000"
"10513099999","2015-02-15","50.865917","7.142744","92.04","KOLN BONN, GM","  39.8","24","  29.9","24","9999.9"," 0","999.9"," 0","999.9"," 0","  3.4","24","  6.0","999.9","  51.8","*","  28.4","*"," 0.00","I","999.9","000000"
"10513099999","2015-02-16","50.865917","7.142744","92.04","KOLN BONN, GM","  35.4","24","  29.2","24","9999.9"," 0","999.9"," 0","  6.2","16","  7.4","24"," 12.0","999.9","  42.8","*","  32.0","*"," 0.00","I","999.9","000000"
"10513099999","2015-02-17","50.865917","7.142744","92.04","KOLN BONN, GM","  36.4","24","  33.3","24","9999.9"," 0","999.9"," 0","  3.5","24","  3.0","24","  6.0","999.9","  39.2","*","  33.8","*","99.99"," ","999.9","010000"
"10513099999","2015-02-18","50.865917","7.142744","92.04","KOLN BONN, GM","  37.9","24","  33.9","24","9999.9"," 0","999.9"," 0","  4.0","23","  3.7","24","  7.0","999.9","  42.8","*","  33.8","*"," 0.00","I","999.9","100000"
"10513099999","2015-02-19","50.865917","7.142744","92.04","KOLN BONN, GM","  33.3","24","  28.9","24","9999.9"," 0","999.9"," 0","  5.6","21","  9.0","24"," 15.0","999.9","  39.2","*","  30.2","*"," 0.00","I","999.9","000000"
"10513099999","2015-02-20","50.865917","7.142744","92.04","KOLN BONN, GM","  43.2","24","  33.5","24","9999.9"," 0","999.9"," 0","  6.1","24"," 11.9","24"," 17.1"," 28.0","  48.2","*","  33.8","*"," 0.00","I","999.9","000000"
"10513099999","2015-02-21","50.865917","7.142744","92.04","KOLN BONN, GM","  40.9","24","  34.1","24","9999.9"," 0","999.9"," 0","  6.2","24","  8.7","24"," 17.1","999.9","  46.4","*","  35.6","*","99.99"," ","999.9","010000"
"10513099999","2015-02-22","50.865917","7.142744","92.04","KOLN BONN, GM","  38.1","24","  31.1","24","9999.9"," 0","999.9"," 0","  5.8","18","  5.4","24"," 15.0","999.9","  46.4","*","  33.8","*","99.99"," ","999.9","010000"
"10513099999","2015-02-23","50.865917","7.142744","92.04","KOLN BONN, GM","  37.2","24","  33.7","24","9999.9"," 0","999.9"," 0","  5.2","21","  9.1","24"," 15.9"," 26.0","  46.4","*","  32.0","*","99.99"," ","999.9","011000"
"10513099999","2015-02-24","50.865917","7.142744","92.04","KOLN BONN, GM","  39.0","24","  33.0","24","9999.9"," 0","999.9"," 0","  6.2","23","  9.3","24"," 15.9"," 24.1","  44.6","*","  33.8","*","99.99"," ","999.9","010000"
"10513099999","2015-02-25","50.865917","7.142744","92.04","KOLN BONN, GM","  39.2","24","  34.8","24","9999.9"," 0","999.9"," 0","  6.2","24","  6.8","24"," 11.1","999.9","  46.4","*","  33.8","*","99.99"," ","999.9","010000"
"10513099999","2015-02-26","50.865917","7.142744","92.04","KOLN BONN, GM","  43.3","24","  37.9","24","9999.9"," 0","999.9"," 0","  6.2","24","  8.1","24"," 13.0","999.9","  48.2","*","  37.4","*","99.99"," ","999.9","010000"
"10513099999","2015-02-27","50.865917","7.142744","92.04","KOLN BONN, GM","  40.1","24","  35.8","24","9999.9"," 0","999.9"," 0","  6.2","22","  7.9","24"," 15.9"," 24.1","  42.8","*","  30.2","*","99.99"," ","999.9","010000"
"10513099999","2015-02-28","50.865917","7.142744","92.04","KOLN BONN, GM","  38.1","24","  27.8","24","9999.9"," 0","999.9"," 0","  6.1","14","  7.8","24"," 13.0","999.9","  48.2","*","  28.4","*"," 0.00","I","999.9","000000"
"10513099999","2015-03-01","50.865917","7.142744","92.04","KOLN BONN, GM","  45.2","24","  36.4","24","9999.9"," 0","999.9"," 0","  6.2","24"," 10.1","24"," 20.0"," 31.1","  53.6","*","  37.4","*","99.99"," ","999.9","010000"
"10513099999","2015-03-02","50.865917","7.142744","92.04","KOLN BONN, GM","  41.8","24","  33.0","24","9999.9"," 0","999.9"," 0","  6.1","21"," 12.5","24"," 21.0"," 31.1","  48.2","*","  35.6","*","99.99"," ","999.9","011000"
"10513099999","2015-03-03","50.865917","7.142744","92.04","KOLN BONN, GM","  40.1","24","  32.3","24","9999.9"," 0","999.9"," 0","  6.2","19","  9.8","24"," 20.0"," 28.9","  50.0","*","  33.8","*","99.99"," ","999.9","010000"
"10513099999","2015-03-04","50.865917","7.142744","92.04","KOLN BONN, GM","  39.1","24","  33.2","24","9999.9"," 0","999.9"," 0","  6.2","20"," 10.2","24"," 18.1"," 28.9","  46.4","*","  33.8","*","99.99"," ","999.9","011000"
"10513099999","2015-03-05","50.865917","7.142744","92.04","KOLN BONN, GM","  40.6","24","  34.5","24","9999.9"," 0","999.9"," 0","  6.2","20","  5.6","24","  9.9","999.9","  46.4","*","  35.6","*"," 0.00","I","999.9","000000"
"10513099999","2015-03-06","50.865917","7.142744","92.04","KOLN BONN, GM","  39.0","24","  32.5","24","9999.9"," 0","999.9"," 0","  6.2","20","  3.5","24","  6.0"," 14.0","  48.2","*","  30.2","*"," 0.00","I","999.9","000000"
"10513099999","2015-03-07","50.865917","7.142744","92.04","KOLN BONN, GM","  43.8","24","  32.1","24","9999.9"," 0","999.9"," 0","999.9"," 0","  5.8","24","  9.9","999.9","  57.2","*","  30.2","*"," 0.00","I","999.9","000000"
"10513099999","2015-03-08","50.865917","7.142744","92.04","KOLN BONN, GM","  50.3","24","  30.9","24","9999.9"," 0","999.9"," 0","999.9"," 0","  5.3","24"," 12.0","999.9","  64.4","*","  39.2","*"," 0.00","I","999.9","000000"
"10513099999","2015-03-09","50.865917","7.142744","92.04","KOLN BONN, GM","  46.3","24","  40.5","24","9999.9"," 0","999.9"," 0","  4.6","20","  2.8","24","  5.1","999.9","  55.4","*","  39.2","*","99.99"," ","999.9","110000"
"10513099999","2015-03-10","50.865917","7.142744","92.04","KOLN BONN, GM","  43.7","24","  39.5","24","9999.9"," 0","999.9"," 0","  4.8","21","  3.7","24"," 11.1","999.9","  53.6","*","  35.6","*","99.99"," ","999.9","010000"
"10513099999","2015-03-11","50.865917","7.142744","92.04","KOLN BONN, GM","  39.1","24","  30.8","24","9999.9"," 0","999.9"," 0","  5.8","14","  3.1","24","  7.0","999.9","  51.8","*","  28.4","*"," 0.00","I","999.9","000000"
"10513099999","2015-03-12","50.865917","7.142744","92.04","KOLN BONN, GM","  41.0","24","  29.1","24","9999.9"," 0","999.9"," 0","  6.2"," 5","  3.9","24","  8.9","999.9","  57.2","*","  26.6","*"," 0.00","I","999.9","000000"
"10513099999","2015-03-13","50.865917","7.142744","92.04","KOLN BONN, GM","  39.9","24","  27.3","24","9999.9"," 0","999.9"," 0","  6.2"," 9","  6.8","24","  9.9"," 17.1","  46.4","*","  30.2","*"," 0.00","I","999.9","000000"
"10513099999","2015-03-14","50.865917","7.142744","92.04","KOLN BONN, GM","  38.8","24","  31.3","24","9999.9"," 0","999.9"," 0","  5.9","16","  5.0","24","  8.9","999.9","  46.4","*","  30.2","*","99.99"," ","999.9","010000"
"10513099999","2015-03-15","50.865917","7.142744","92.04","KOLN BONN, GM","  40.5","24","  33.9","24","9999.9"," 0","999.9"," 0","  6.2","21","  4.4","24","  8.9","999.9","  44.6","*","  35.6","*","99.99"," ","999.9","010000"
"10513099999","2015-03-16","50.865917","7.142744","92.04","KOLN BONN, GM","  42.4","24","  32.9","24","9999.9"," 0","999.9"," 0","  3.9"," 6","  3.6","24","  9.9","999.9","  57.2","*","  28.4","*"," 0.00","I","999.9","000000"
"10513099999","2015-03-17","50.865917","7.142744","92.04","KOLN BONN, GM","  49.0","24","  34.5","24","9999.9"," 0","999.9"," 0","999.9"," 0","  2.7","24","  7.0","999.9","  66.2","*","  32.0","*"," 0.00","I","999.9","000000"
"10513099999","2015-03-18","50.865917","7.142744","92.04","KOLN BONN, GM","  48.6","24","  38.8","24","9999.9"," 0","999.9"," 0","  3.9"," 5","  6.4","24"," 13.0","999.9","  62.6","*","  33.8","*"," 0.00","I","999.9","000000"
"10513099999","2015-03-19","50.865917","7.142744","92.04","KOLN BONN, GM","  44.1","24","  40.9","24","9999.9"," 0","999.9"," 0","  2.1","24","  5.9","24","  8.9","999.9","  46.4","*","  42.8","*","99.99"," ","999.9","010000"
"10513099999","2015-03-20","50.865917","7.142744","92.04","KOLN BONN, GM","  42.7","24","  37.8","24","9999.9"," 0","999.9"," 0","  2.2","24","  4.7","24","  8.0","999.9","  50.0","*","  39.2","*"," 0.00","I","999.9","000000"
"10513099999","2015-03-21","50.865917","7.142744","92.04","KOLN BONN, GM","  40.2","24","  37.5","24","9999.9"," 0","999.9"," 0","  4.2","24","  5.8","24"," 12.0","999.9","  46.4","*","  37.4","*","99.99"," ","999.9","010000"
"10513099999","2015-03-22","50.865917","7.142744","92.04","KOLN BONN, GM","  41.2","24","  32.1","24","9999.9"," 0","999.9"," 0","  6.2","18","  6.5","24","  9.9","999.9","  50.0","*","  32.0","*"," 0.00","I","999.9","000000"
"10513099999","2015-03-23","50.865917","7.142744","92.04","KOLN BONN, GM","  41.7","24","  32.2","24","9999.9"," 0","999.9"," 0","  6.2","11","  4.3","24","  8.0","999.9","  55.4","*","  28.4","*"," 0.00","I","999.9","000000"
"10513099999","2015-03-24","50.865917","7.142744","92.04","KOLN BONN, GM","  46.2","24","  36.0","24","9999.9"," 0","999.9"," 0","  5.6","19","  3.4","24","  7.0","999.9","  53.6","*","  39.2","*"," 0.00","I","999.9","000000"
"10513099999","2015-03-25","50.865917","7.142744","92.04","KOLN BONN, GM","  43.5","24","  38.3","24","9999.9"," 0","999.9"," 0","  4.5","20","  6.3","24"," 11.1","999.9","  44.6","*","  41.0","*","99.99"," ","999.9","010000"
"10513099999","2015-03-26","50.865917","7.142744","92.04","KOLN BONN, GM","  42.8","24","  34.8","24","9999.9"," 0","999.9"," 0","  6.1","24","  7.6","24"," 18.1","999.9","  50.0","*","  39.2","*","99.99"," ","999.9","010000"
"10513099999","2015-03-27","50.865917","7.142744","92.04","KOLN BONN, GM","  44.7","24","  35.1","24","9999.9"," 0","999.9"," 0","  6.2","24"," 10.7","24"," 15.9"," 22.0","  50.0","*","  41.0","*","99.99"," ","999.9","010000"
"10513099999","2015-03-28","50.865917","7.142744","92.04","KOLN BONN, GM","  46.0","24","  38.6","24","9999.9"," 0","999.9"," 0","  5.9","21","  7.6","24"," 14.0","999.9","  53.6","*","  35.6","*","99.99"," ","999.9","010000"
"10513099999","2015-03-29","50.865917","7.142744","92.04","KOLN BONN, GM","  50.6","24","  44.8","24","9999.9"," 0","999.9"," 0","  6.2","24"," 12.4","24"," 28.9"," 48.0","  53.6","*","  46.4","*","99.99"," ","999.9","010000"
"10513099999","2015-03-30","50.865917","7.142744","92.04","KOLN BONN, GM","  45.2","24","  33.0","24","9999.9"," 0","999.9"," 0","  6.2","21"," 14.0","24"," 25.1"," 36.9","  48.2","*","  41.0","*","99.99"," ","999.9","011000"
"10513099999","2015-03-31","50.865917","7.142744","92.04","KOLN BONN, GM","  48.2","24","  38.3","24","9999.9"," 0","999.9"," 0","  6.2","24"," 22.7","24"," 35.0"," 51.1","  53.6","*","  41.0","*","99.99"," ","999.9","010000"
"10513099999","2015-04-01","50.865917","7.142744","92.04","KOLN BONN, GM","  42.3","24","  31.8","24","9999.9"," 0","999.9"," 0","  6.2","24"," 16.3","24"," 26.0"," 40.0","  46.4","*","  37.4","*","99.99"," ","999.9","010000"
"10513099999","2015-04-02","50.865917","7.142744","92.04","KOLN BONN, GM","  42.4","24","  31.8","24","9999.9"," 0","999.9"," 0","  6.1","20"," 14.9","24"," 22.0"," 33.0","  48.2","*","  35.6","*","99.99"," ","999.9","010000"
"10513099999","2015-04-03","50.865917","7.142744","92.04","KOLN BONN, GM","  43.7","24","  29.2","24","9999.9"," 0","999.9"," 0","  6.2","18","  3.6","24","  6.0","999.9","  51.8","*","  35.6","*"," 0.00","I","999.9","000000"
"10513099999","2015-04-04","50.865917","7.142744","92.04","KOLN BONN, GM","  42.4","24","  30.1","24","9999.9"," 0","999.9"," 0","  6.2","12","  6.7","24"," 15.0"," 24.1","  48.2","*","  33.8","*","99.99"," ","999.9","010000"
"10513099999","2015-04-05","50.865917","7.142744","92.04","KOLN BONN, GM","  40.6","24","  25.1","24","9999.9"," 0","999.9"," 0","999.9"," 0","  4.0","24"," 11.1"," 15.9","  51.8","*","  30.2","*"," 0.00","I","999.9","000000"
"10513099999","2015-04-06","50.865917","7.142744","92.04","KOLN BONN, GM","  40.3","24","  33.0","24","9999.9"," 0","999.9"," 0","  6.2","12","  4.5","24","  8.0","999.9","  50.0","*","  32.0","*","99.99"," ","999.9","010000"
"10513099999","2015-04-07","50.865917","7.142744","92.04","KOLN BONN, GM","  42.5","24","  30.9","24","9999.9"," 0","999.9"," 0","999.9"," 0","  4.6","24","  8.9","999.9","  55.4","*","  26.6","*"," 0.00","I","999.9","000000"
"10513099999","2015-04-08","50.865917","7.142744","92.04","KOLN BONN, GM","  44.8","24","  37.0","24","9999.9"," 0","999.9"," 0","  5.8","10","  3.8","24","  6.0","999.9","  57.2","*","  32.0","*"," 0.00","I","999.9","000000"
"10513099999","2015-04-09","50.865917","7.142744","92.04","KOLN BONN, GM","  53.7","24","  40.3","24","9999.9"," 0","999.9"," 0","999.9"," 0","  3.3","24","  8.0","999.9","  69.8","*","  37.4","*"," 0.00","I","999.9","000000"
"10513099999","2015-04-10","50.865917","7.142744","92.04","KOLN BONN, GM","  58.0","24","  35.6","24","9999.9"," 0","999.9"," 0","  6.2"," 5","  4.2","24","  7.0"," 14.0","  73.4","*","  37.4","*"," 0.00","I","999.9","000000"
"10513099999","2015-04-11","50.865917","7.142744","92.04","KOLN BONN, GM","  53.9","24","  40.1","24","9999.9"," 0","999.9"," 0","  6.2","13"," 10.0","24"," 19.0"," 28.9","  60.8","*","  42.8","*","99.99"," ","999.9","010000"
"10513099999","2015-04-12","50.865917","7.142744","92.04","KOLN BONN, GM","  51.6","24","  33.6","24","9999.9"," 0","999.9"," 0","999.9"," 0","  5.7","24","  9.9"," 15.9","  62.6","*","  37.4","*"," 0.00","I","999.9","000000"
"10513099999","2015-04-13","50.865917","7.142744","92.04","KOLN BONN, GM","  50.7","24","  34.8","24","9999.9"," 0","999.9"," 0","  6.2","12","  8.4","24"," 14.0"," 20.0","  57.2","*","  39.2","*","99.99"," ","999.9","010000"
"10513099999","2015-04-14","50.865917","7.142744","92.04","KOLN BONN, GM","  57.1","24","  39.6","24","9999.9"," 0","999.9"," 0","  6.2"," 6","  7.5","24"," 17.1","999.9","  71.6","*","  39.2","*"," 0.00","I","999.9","000000"
"10513099999","2015-04-15","50.865917","7.142744","92.04","KOLN BONN, GM","  61.6","24","  42.6","24","9999.9"," 0","999.9"," 0","999.9"," 0","  4.7","24"," 11.1","999.9","  77.0","*","  42.8","*"," 0.00","I","999.9","000000"
"10513099999","2015-04-16","50.865917","7.142744","92.04","KOLN BONN, GM","  55.6","24","  41.8","24","9999.9"," 0","999.9"," 0","999.9"," 0","  5.4","24","  9.9","999.9","  66.2","*","  44.6","*"," 0.00","I","999.9","000000"
"10513099999","2015-04-17","50.865917","7.142744","92.04","KOLN BONN, GM","  49.0","24","  31.6","24","9999.9"," 0","999.9"," 0","999.9"," 0","  7.7","24"," 14.0"," 21.0","  57.2","*","  39.2","*"," 0.00","I","999.9","000000"
"10513099999","2015-04-18","50.865917","7.142744","92.04","KOLN BONN, GM","  46.9","24","  28.3","24","9999.9"," 0","999.9"," 0","999.9"," 0","  5.4","24"," 13.0"," 15.0","  59.0","*","  32.0","*"," 0.00","I","999.9","000000"
"10513099999","2015-04-19","50.865917","7.142744","92.04","KOLN BONN, GM","  49.4","24","  30.2","24","9999.9"," 0","999.9"," 0","999.9"," 0","  4.4","24","  8.0","999.9","  62.6","*","  30.2","*"," 0.00","I","999.9","000000"
"10513099999","2015-04-20","50.865917","7.142744","92.04","KOLN BONN, GM","  53.5","24","  33.7","24","9999.9"," 0","999.9"," 0","999.9"," 0","  5.5","24"," 11.1","999.9","  66.2","*","  37.4","*"," 0.00","I","999.9","000000"
"10513099999","2015-04-21","50.865917","7.142744","92.04","KOLN BONN, GM","  54.2","24","  36.5","24","9999.9"," 0","999.9"," 0","999.9"," 0","  6.5","24"," 13.0","999.9","  69.8","*","  37.4","*"," 0.00","I","999.9","000000"
"10513099999","2015-04-22","50.865917","7.142744","92.04","KOLN BONN, GM","  47.5","24","  37.2","24","9999.9"," 0","999.9"," 0","  6.2","16","  6.4","24"," 13.0","999.9","  57.2","*","  37.4","*"," 0.00","I","999.9","000000"
"10513099999","2015-04-23","50.865917","7.142744","92.04","KOLN BONN, GM","  49.8","24","  36.4","24","9999.9"," 0","999.9"," 0","  6.2"," 7","  3.5","24","  8.0"," 12.0","  64.4","*","  32.0","*"," 0.00","I","999.9","000000"
"10513099999","2015-04-24","50.865917","7.142744","92.04","KOLN BONN, GM","  57.0","24","  37.9","24","9999.9"," 0","999.9"," 0","999.9"," 0","  4.9","24","  9.9","999.9","  71.6","*","  37.4","*"," 0.00","I","999.9","000000"
"10513099999","2015-04-25","50.865917","7.142744","92.04","KOLN BONN, GM","  55.3","24","  48.7","24","9999.9"," 0","999.9"," 0","  5.5","21","  4.1","24","  9.9","999.9","  59.0","*","  51.8","*","99.99"," ","999.9","010000"
"10513099999","2015-04-26","50.865917","7.142744","92.04","KOLN BONN, GM","  56.1","24","  51.7","24","9999.9"," 0","999.9"," 0","  6.1","24","  4.3","24","  8.9","999.9","  62.6","*","  51.8","*","99.99"," ","999.9","010000"
"10513099999","2015-04-27","50.865917","7.142744","92.04","KOLN BONN, GM","  47.9","24","  44.2","24","9999.9"," 0","999.9"," 0","  5.3","24","  6.5","24"," 13.0","999.9","  53.6","*","  39.2","*","99.99"," ","999.9","010000"
"10513099999","2015-04-28","50.865917","7.142744","92.04","KOLN BONN, GM","  45.0","24","  33.4","24","9999.9"," 0","999.9"," 0","  6.2","12","  6.3","24"," 18.1"," 28.0","  55.4","*","  35.6","*","99.99"," ","999.9","010000"
"10513099999","2015-04-29","50.865917","7.142744","92.04","KOLN BONN, GM","  47.1","24","  31.5","24","9999.9"," 0","999.9"," 0","  6.2"," 7","  6.3","24"," 11.1","999.9","  57.2","*","  30.2","*"," 0.00","I","999.9","000000"
"10513099999","2015-04-30","50.865917","7.142744","92.04","KOLN BONN, GM","  46.9","24","  41.3","24","9999.9"," 0","999.9"," 0","  6.2","22","  6.0","24"," 12.0","999.9","  51.8","*","  41.0","*","99.99"," ","999.9","010000"
"10513099999","2015-05-01","50.865917","7.142744","92.04","KOLN BONN, GM","  45.4","24","  35.3","24","9999.9"," 0","999.9"," 0","  4.8","15","  3.1","24","  6.0","999.9","  57.2","*","  32.0","*"," 0.00","I","999.9","000000"
"10513099999","2015-05-02","50.865917","7.142744","92.04","KOLN BONN, GM","  50.4","24","  35.1","24","9999.9"," 0","999.9"," 0","  6.2"," 4","  4.3","24","  7.0","999.9","  60.8","*","  32.0","*"," 0.00","I","999.9","000000"
"10513099999","2015-05-03","50.865917","7.142744","92.04","KOLN BONN, GM","  56.3","24","  51.1","24","9999.9"," 0","999.9"," 0","  6.0","17","  7.1","24"," 13.0","999.9","  60.8","*","  50.0","*","99.99"," ","999.9","010000"
"10513099999","2015-05-04","50.865917","7.142744","92.04","KOLN BONN, GM","  62.5","24","  51.1","24","9999.9"," 0","999.9"," 0","  6.2","18","  6.5","24"," 12.0"," 17.1","  71.6","*","  55.4","*","99.99"," ","999.9","010000"
"10513099999","2015-05-05","50.865917","7.142744","92.04","KOLN BONN, GM","  63.6","24","  51.8","24","9999.9"," 0","999.9"," 0","  6.2","12"," 12.0","24"," 22.0"," 42.9","  73.4","*","  51.8","*","99.99"," ","999.9","010000"
"10513099999","2015-05-06","50.865917","7.142744","92.04","KOLN BONN, GM","  55.9","24","  41.6","24","9999.9"," 0","999.9"," 0","  6.2","11"," 10.5","24"," 17.1"," 28.0","  64.4","*","  48.2","*","99.99"," ","999.9","010000"
"10513099999","2015-05-07","50.865917","7.142744","92.04","KOLN BONN, GM","  54.7","24","  39.3","24","9999.9"," 0","999.9"," 0","  6.2","10","  7.6","24"," 15.0"," 22.0","  62.6","*","  44.6","*"," 0.00","I","999.9","000000"
"10513099999","2015-05-08","50.865917","7.142744","92.04","KOLN BONN, GM","  57.4","24","  41.4","24","9999.9"," 0","999.9"," 0","999.9"," 0","  3.8","24","  6.0","999.9","  68.0","*","  46.4","*"," 0.00","I","999.9","000000"
"10513099999","2015-05-09","50.865917","7.142744","92.04","KOLN BONN, GM","  59.8","24","  47.2","24","9999.9"," 0","999.9"," 0","  6.2","18"," 10.4","24"," 24.1"," 41.0","  69.8","*","  53.6","*","99.99"," ","999.9","010010"
"10513099999","2015-05-10","50.865917","7.142744","92.04","KOLN BONN, GM","  58.9","24","  45.2","24","9999.9"," 0","999.9"," 0","  6.2","14","  5.8","24","  9.9","999.9","  68.0","*","  51.8","*"," 0.00","I","999.9","000000"
"10513099999","2015-05-11","50.865917","7.142744","92.04","KOLN BONN, GM","  65.7","24","  47.7","24","9999.9"," 0","999.9"," 0","999.9"," 0","  6.9","24","  9.9","999.9","  78.8","*","  53.6","*"," 0.00","I","999.9","000000"
"10513099999","2015-05-12","50.865917","7.142744","92.04","KOLN BONN, GM","  64.9","24","  48.9","24","9999.9"," 0","999.9"," 0","  6.2"," 6","  8.6","24"," 17.1"," 25.1","  77.0","*","  48.2","*"," 0.00","I","999.9","000000"
"10513099999","2015-05-13","50.865917","7.142744","92.04","KOLN BONN, GM","  57.0","24","  40.4","24","9999.9"," 0","999.9"," 0","999.9"," 0","  5.3","24","  9.9","999.9","  69.8","*","  41.0","*"," 0.00","I","999.9","000000"
"10513099999","2015-05-14","50.865917","7.142744","92.04","KOLN BONN, GM","  54.9","24","  40.3","24","9999.9"," 0","999.9"," 0","  6.2","15","  3.7","24","  7.0","999.9","  66.2","*","  42.8","*","99.99"," ","999.9","010000"
"10513099999","2015-05-15","50.865917","7.142744","92.04","KOLN BONN, GM","  56.1","24","  45.0","24","9999.9"," 0","999.9"," 0","  6.2","13","  7.0","24"," 14.0","999.9","  66.2","*","  42.8","*","99.99"," ","999.9","010000"
"10513099999","2015-05-16","50.865917","7.142744","92.04","KOLN BONN, GM","  50.5","24","  45.0","24","9999.9"," 0","999.9"," 0","  5.8","16","  5.4","24"," 13.0","999.9","  57.2","*","  41.0","*","99.99"," ","999.9","010000"
"10513099999","2015-05-17","50.865917","7.142744","92.04","KOLN BONN, GM","  54.1","24","  41.4","24","9999.9"," 0","999.9"," 0","  6.2","12","  4.8","24","  9.9","999.9","  64.4","*","  39.2","*"," 0.00","I","999.9","000000"
"10513099999","2015-05-18","50.865917","7.142744","92.04","KOLN BONN, GM","  58.4","24","  42.0","24","9999.9"," 0","999.9"," 0","  6.2","11","  8.8","24"," 18.1"," 25.1","  73.4","*","  39.2","*","99.99"," ","999.9","010000"
"10513099999","2015-05-19","50.865917","7.142744","92.04","KOLN BONN, GM","  53.1","24","  39.2","24","9999.9"," 0","999.9"," 0","  6.2","19"," 10.1","24"," 22.0"," 34.0","  60.8","*","  46.4","*","99.99"," ","999.9","010000"
"10513099999","2015-05-20","50.865917","7.142744","92.04","KOLN BONN, GM","  51.3","24","  38.7","24","9999.9"," 0","999.9"," 0","  6.2","18","  7.0","24"," 17.1","999.9","  60.8","*","  41.0","*","99.99"," ","999.9","010000"
"10513099999","2015-05-21","50.865917","7.142744","92.04","KOLN BONN, GM","  52.5","24","  39.3","24","9999.9"," 0","999.9"," 0","  6.2","12","  4.4","24","  9.9","999.9","  62.6","*","  41.0","*"," 0.00","I","999.9","000000"
"10513099999","2015-05-22","50.865917","7.142744","92.04","KOLN BONN, GM","  57.9","24","  40.4","24","9999.9"," 0","999.9"," 0","999.9"," 0","  2.9","24","  7.0","999.9","  68.0","*","  48.2","*"," 0.00","I","999.9","000000"
"10513099999","2015-05-23","50.865917","7.142744","92.04","KOLN BONN, GM","  57.5","24","  46.4","24","9999.9"," 0","999.9"," 0","  6.2","11","  5.6","24"," 12.0","999.9","  71.6","*","  44.6","*","99.99"," ","999.9","010000"
"10513099999","2015-05-24","50.865917","7.142744","92.04","KOLN BONN, GM","  59.7","24","  47.2","24","9999.9"," 0","999.9"," 0","  6.2","17","  4.1","24","  9.9","999.9","  69.8","*","  50.0","*"," 0.00","I","999.9","000000"
"10513099999","2015-05-25","50.865917","7.142744","92.04","KOLN BONN, GM","  54.0","24","  46.2","24","9999.9"," 0","999.9"," 0","  6.0","20","  5.0","24","  9.9","999.9","  60.8","*","  46.4","*","99.99"," ","999.9","010000"
"10513099999","2015-05-26","50.865917","7.142744","92.04","KOLN BONN, GM","  52.2","24","  39.4","24","9999.9"," 0","999.9"," 0","  6.2","21","  7.0","24"," 12.0","999.9","  57.2","*","  41.0","*"," 0.00","I","999.9","000000"
"10513099999","2015-05-27","50.865917","7.142744","92.04","KOLN BONN, GM","  53.7","24","  38.2","24","9999.9"," 0","999.9"," 0","  6.2","12","  3.9","24","  8.9","999.9","  62.6","*","  42.8","*"," 0.00","I","999.9","000000"
"10513099999","2015-05-28","50.865917","7.142744","92.04","KOLN BONN, GM","  58.9","24","  43.4","24","9999.9"," 0","999.9"," 0","  6.2","20","  9.5","24"," 21.0"," 26.0","  68.0","*","  51.8","*","99.99"," ","999.9","010000"
"10513099999","2015-05-29","50.865917","7.142744","92.04","KOLN BONN, GM","  55.6","24","  42.9","24","9999.9"," 0","999.9"," 0","  6.2","23","  8.5","24"," 18.1"," 22.0","  62.6","*","  46.4","*","99.99"," ","999.9","010000"
"10513099999","2015-05-30","50.865917","7.142744","92.04","KOLN BONN, GM","  52.1","24","  42.4","24","9999.9"," 0","999.9"," 0","  6.2","22","  8.1","24"," 19.0"," 28.0","  60.8","*","  46.4","*","99.99"," ","999.9","010000"
"10513099999","2015-05-31","50.865917","7.142744","92.04","KOLN BONN, GM","  58.5","24","  47.1","24","9999.9"," 0","999.9"," 0","  6.2","13","  8.5","24"," 15.9"," 25.1","  68.0","*","  46.4","*","99.99"," ","999.9","010000"
"10513099999","2015-06-01","50.865917","7.142744","92.04","KOLN BONN, GM","  56.0","24","  45.5","24","9999.9"," 0","999.9"," 0","  6.2","21","  4.7","24"," 12.0","999.9","  64.4","*","  48.2","*","99.99"," ","999.9","010000"
"10513099999","2015-06-02","50.865917","7.142744","92.04","KOLN BONN, GM","  61.6","24","  49.3","24","9999.9"," 0","999.9"," 0","  6.2","11","  9.6","24"," 13.0","999.9","  73.4","*","  48.2","*","99.99"," ","999.9","010000"
"10513099999","2015-06-03","50.865917","7.142744","92.04","KOLN BONN, GM","  61.4","24","  46.8","24","9999.9"," 0","999.9"," 0","  6.2","12","  9.3","24"," 18.1"," 25.1","  68.0","*","  50.0","*","99.99"," ","999.9","010000"
"10513099999","2015-06-04","50.865917","7.142744","92.04","KOLN BONN, GM","  64.5","24","  44.6","24","9999.9"," 0","999.9"," 0","999.9"," 0","  4.2","24"," 11.1","999.9","  77.0","*","  46.4","*"," 0.00","I","999.9","000000"
"10513099999","2015-06-05","50.865917","7.142744","92.04","KOLN BONN, GM","  75.3","24","  51.9","24","9999.9"," 0","999.9"," 0","999.9"," 0","  6.7","24"," 18.1","999.9","  93.2","*","  57.2","*","99.99"," ","999.9","010010"
"10513099999","2015-06-06","50.865917","7.142744","92.04","KOLN BONN, GM","  64.3","24","  53.8","24","9999.9"," 0","999.9"," 0","  6.2","17","  7.1","24"," 13.0"," 17.1","  71.6","*","  50.0","*","99.99"," ","999.9","010000"
"10513099999","2015-06-07","50.865917","7.142744","92.04","KOLN BONN, GM","  59.9","24","  40.7","24","9999.9"," 0","999.9"," 0","999.9"," 0","  5.7","24"," 12.0","999.9","  71.6","*","  44.6","*"," 0.00","I","999.9","000000"
"10513099999","2015-06-08","50.865917","7.142744","92.04","KOLN BONN, GM","  58.1","24","  41.1","24","9999.9"," 0","999.9"," 0","  6.2"," 8","  8.5","24"," 13.0","999.9","  66.2","*","  48.2","*"," 0.00","I","999.9","000000"
"10513099999","2015-06-09","50.865917","7.142744","92.04","KOLN BONN, GM","  56.7","24","  39.8","24","9999.9"," 0","999.9"," 0","  6.2"," 7","  8.3","24"," 14.0"," 22.9","  64.4","*","  48.2","*"," 0.00","I","999.9","000000"
"10513099999","2015-06-10","50.865917","7.142744","92.04","KOLN BONN, GM","  64.0","24","  43.2","24","9999.9"," 0","999.9"," 0","999.9"," 0","  6.2","24"," 12.0"," 18.1","  73.4","*","  51.8","*"," 0.00","I","999.9","000000"
"10513099999","2015-06-11","50.865917","7.142744","92.04","KOLN BONN, GM","  67.8","24","  47.2","24","9999.9"," 0","999.9"," 0","999.9"," 0","  4.9","24","  8.9","999.9","  77.0","*","  57.2","*"," 0.00","I","999.9","000000"
"10513099999","2015-06-12","50.865917","7.142744","92.04","KOLN BONN, GM","  67.8","24","  53.8","24","9999.9"," 0","999.9"," 0","  6.2"," 9","  5.4","24"," 12.0","999.9","  86.0","*","  50.0","*","99.99"," ","999.9","010010"
"10513099999","2015-06-13","50.865917","7.142744","92.04","KOLN BONN, GM","  66.7","24","  54.7","24","9999.9"," 0","999.9"," 0","  6.1"," 8","  5.9","24"," 14.0","999.9","  77.0","*","  55.4","*","99.99"," ","999.9","010000"
"10513099999","2015-06-14","50.865917","7.142744","92.04","KOLN BONN, GM","  64.8","24","  47.6","24","9999.9"," 0","999.9"," 0","  6.2"," 5","  4.5","24","  8.9","999.9","  77.0","*","  50.0","*"," 0.00","I","999.9","000000"
"10513099999","2015-06-15","50.865917","7.142744","92.04","KOLN BONN, GM","  59.9","24","  47.4","24","9999.9"," 0","999.9"," 0","  6.2","13","  6.2","24","  9.9","999.9","  68.0","*","  53.6","*"," 0.00","I","999.9","000000"
"10513099999","2015-06-16","50.865917","7.142744","92.04","KOLN BONN, GM","  55.7","24","  39.7","24","9999.9"," 0","999.9"," 0","999.9"," 0","  6.3","24"," 11.1"," 15.9","  64.4","*","  44.6","*"," 0.00","I","999.9","000000"
"10513099999","2015-06-17","50.865917","7.142744","92.04","KOLN BONN, GM","  60.3","24","  42.8","24","9999.9"," 0","999.9"," 0","  6.2"," 5","  5.1","24"," 11.1","999.9","  73.4","*","  39.2","*"," 0.00","I","999.9","000000"
"10513099999","2015-06-18","50.865917","7.142744","92.04","KOLN BONN, GM","  62.0","24","  49.9","24","9999.9"," 0","999.9"," 0","  5.9","16"," 12.0","24"," 19.0"," 27.0","  69.8","*","  51.8","*","99.99"," ","999.9","010000"
"10513099999","2015-06-19","50.865917","7.142744","92.04","KOLN BONN, GM","  53.2","24","  47.5","24","9999.9"," 0","999.9"," 0","  6.1","23","  7.2","24"," 12.0","999.9","  59.0","*","  50.0","*","99.99"," ","999.9","010000"
"10513099999","2015-06-20","50.865917","7.142744","92.04","KOLN BONN, GM","  54.0","24","  46.6","24","9999.9"," 0","999.9"," 0","  6.2","24","  4.8","24","  8.9","999.9","  59.0","*","  50.0","*","99.99"," ","999.9","010000"
"10513099999","2015-06-21","50.865917","7.142744","92.04","KOLN BONN, GM","  60.1","24","  50.9","24","9999.9"," 0","999.9"," 0","  6.2","24","  6.8","24"," 15.9","999.9","  69.8","*","  51.8","*","99.99"," ","999.9","010010"
"10513099999","2015-06-22","50.865917","7.142744","92.04","KOLN BONN, GM","  53.6","24","  50.4","24","9999.9"," 0","999.9"," 0","  6.1","24","  6.0","24"," 13.0","999.9","  57.2","*","  48.2","*","99.99"," ","999.9","010000"
"10513099999","2015-06-23","50.865917","7.142744","92.04","KOLN BONN, GM","  53.0","24","  48.6","24","9999.9"," 0","999.9"," 0","  6.2","24","  8.0","24"," 15.9"," 31.1","  59.0","*","  48.2","*","99.99"," ","999.9","010000"
"10513099999","2015-06-24","50.865917","7.142744","92.04","KOLN BONN, GM","  57.1","24","  48.4","24","9999.9"," 0","999.9"," 0","  6.2","21","  4.6","24","  8.0","999.9","  66.2","*","  51.8","*","99.99"," ","999.9","010000"
"10513099999","2015-06-25","50.865917","7.142744","92.04","KOLN BONN, GM","  65.0","24","  49.5","24","9999.9"," 0","999.9"," 0","  6.2"," 5","  3.6","24","  7.0"," 15.9","  77.0","*","  50.0","*"," 0.00","I","999.9","000000"
"10513099999","2015-06-26","50.865917","7.142744","92.04","KOLN BONN, GM","  69.7","24","  53.8","24","9999.9"," 0","999.9"," 0","  6.2"," 4","  5.9","24"," 13.0","999.9","  78.8","*","  53.6","*","99.99"," ","999.9","010000"
"10513099999","2015-06-27","50.865917","7.142744","92.04","KOLN BONN, GM","  66.2","24","  54.4","24","9999.9"," 0","999.9"," 0","  6.2","17","  8.7","24"," 15.9"," 24.1","  73.4","*","  51.8","*","99.99"," ","999.9","010000"
"10513099999","2015-06-28","50.865917","7.142744","92.04","KOLN BONN, GM","  64.8","24","  48.7","24","9999.9"," 0","999.9"," 0","  6.2"," 6","  3.7","24","  7.0","999.9","  73.4","*","  50.0","*","99.99"," ","999.9","010000"
"10513099999","2015-06-29","50.865917","7.142744","92.04","KOLN BONN, GM","  70.3","24","  53.4","24","9999.9"," 0","999.9"," 0","999.9"," 0","  5.4","24"," 13.0","999.9","  78.8","*","  59.0","*"," 0.00","I","999.9","000000"
"10513099999","2015-06-30","50.865917","7.142744","92.04","KOLN BONN, GM","  71.0","24","  48.9","24","9999.9"," 0","999.9"," 0","  6.2"," 5","  3.7","24","  8.0","999.9","  84.2","*","  51.8","*"," 0.00","I","999.9","000000"
"10513099999","2015-07-01","50.865917","7.142744","92.04","KOLN BONN, GM","  78.3","24","  53.7","24","9999.9"," 0","999.9"," 0","999.9"," 0","  6.8","24"," 12.0","999.9","  91.4","*","  57.2","*"," 0.00","I","999.9","000000"
"10513099999","2015-07-02","50.865917","7.142744","92.04","KOLN BONN, GM","  84.5","24","  59.4","24","9999.9"," 0","999.9"," 0","999.9"," 0","  8.1","24"," 12.0","999.9","  96.8","*","  71.6","*"," 0.00","I","999.9","000000"
"10513099999","2015-07-03","50.865917","7.142744","92.04","KOLN BONN, GM","  80.1","24","  64.1","24","9999.9"," 0","999.9"," 0","999.9"," 0","  4.7","24","  8.9","999.9","  91.4","*","  68.0","*"," 0.00","I","999.9","000000"
"10513099999","2015-07-04","50.865917","7.142744","92.04","KOLN BONN, GM","  84.7","24","  62.4","24","9999.9"," 0","999.9"," 0","999.9"," 0","  5.3","24"," 11.1","999.9","  96.8","*","  69.8","*"," 0.00","I","999.9","000000"
"10513099999","2015-07-05","50.865917","7.142744","92.04","KOLN BONN, GM","  74.2","24","  62.2","24","9999.9"," 0","999.9"," 0","  6.2","21","  6.3","24"," 17.1"," 34.0","  93.2","*","  60.8","*","99.99"," ","999.9","010010"
"10513099999","2015-07-06","50.865917","7.142744","92.04","KOLN BONN, GM","  68.1","24","  52.0","24","9999.9"," 0","999.9"," 0","  6.2","10","  4.9","24","  8.9"," 15.9","  78.8","*","  57.2","*"," 0.00","I","999.9","000000"
"10513099999","2015-07-07","50.865917","7.142744","92.04","KOLN BONN, GM","  70.3","24","  55.6","24","9999.9"," 0","999.9"," 0","  6.2"," 6","  6.8","24"," 17.1"," 22.9","  87.8","*","  55.4","*","99.99"," ","999.9","010010"
"10513099999","2015-07-08","50.865917","7.142744","92.04","KOLN BONN, GM","  62.0","24","  50.5","24","9999.9"," 0","999.9"," 0","  6.2","23"," 12.5","24"," 22.9"," 33.0","  66.2","*","  57.2","*","99.99"," ","999.9","010000"
"10513099999","2015-07-09","50.865917","7.142744","92.04","KOLN BONN, GM","  58.8","24","  46.2","24","9999.9"," 0","999.9"," 0","  6.2","16"," 10.1","24"," 21.0","999.9","  66.2","*","  48.2","*","99.99"," ","999.9","010000"
"10513099999","2015-07-10","50.865917","7.142744","92.04","KOLN BONN, GM","  59.8","24","  42.9","24","9999.9"," 0","999.9"," 0","  6.2"," 8","  3.5","24","  6.0","999.9","  73.4","*","  42.8","*"," 0.00","I","999.9","000000"
"10513099999","2015-07-11","50.865917","7.142744","92.04","KOLN BONN, GM","  71.1","24","  45.6","24","9999.9"," 0","999.9"," 0","999.9"," 0","  7.1","24"," 15.0"," 22.0","  86.0","*","  51.8","*"," 0.00","I","999.9","000000"
"10513099999","2015-07-12","50.865917","7.142744","92.04","KOLN BONN, GM","  62.7","24","  53.2","24","9999.9"," 0","999.9"," 0","  6.2","18","  6.3","24"," 14.0","999.9","  68.0","*","  57.2","*","99.99"," ","999.9","010000"
"10513099999","2015-07-13","50.865917","7.142744","92.04","KOLN BONN, GM","  62.6","24","  57.7","24","9999.9"," 0","999.9"," 0","  5.9","24","  6.2","24"," 12.0","999.9","  66.2","*","  59.0","*","99.99"," ","999.9","010000"
"10513099999","2015-07-14","50.865917","7.142744","92.04","KOLN BONN, GM","  66.6","24","  58.7","24","9999.9"," 0","999.9"," 0","  6.2","24"," 10.5","24"," 15.9"," 24.1","  71.6","*","  62.6","*","99.99"," ","999.9","010000"
"10513099999","2015-07-15","50.865917","7.142744","92.04","KOLN BONN, GM","  68.7","24","  60.0","24","9999.9"," 0","999.9"," 0","  6.1","24","  4.1","24","  8.0","999.9","  77.0","*","  62.6","*","99.99"," ","999.9","010000"
"10513099999","2015-07-16","50.865917","7.142744","92.04","KOLN BONN, GM","  73.4","24","  61.6","24","9999.9"," 0","999.9"," 0","  6.2","16","  3.6","24","  7.0","999.9","  84.2","*","  64.4","*"," 0.00","I","999.9","000000"
"10513099999","2015-07-17","50.865917","7.142744","92.04","KOLN BONN, GM","  82.2","24","  53.7","24","9999.9"," 0","999.9"," 0","  6.2"," 5","  8.5","24"," 14.0"," 22.0","  95.0","*","  69.8","*","99.99"," ","999.9","010010"
"10513099999","2015-07-18","50.865917","7.142744","92.04","KOLN BONN, GM","  71.9","24","  52.6","24","9999.9"," 0","999.9"," 0","  6.2"," 7","  6.7","24"," 13.0"," 21.0","  80.6","*","  64.4","*"," 0.00","I","999.9","000000"
"10513099999","2015-07-19","50.865917","7.142744","92.04","KOLN BONN, GM","  64.9","24","  58.2","24","9999.9"," 0","999.9"," 0","  6.0","21","  6.5","24"," 14.0","999.9","  69.8","*","  59.0","*","99.99"," ","999.9","010000"
"10513099999","2015-07-20","50.865917","7.142744","92.04","KOLN BONN, GM","  67.3","24","  62.6","24","9999.9"," 0","999.9"," 0","  6.1","24","  3.8","24","  6.0","999.9","  73.4","*","  59.0","*","99.99"," ","999.9","010000"
"10513099999","2015-07-21","50.865917","7.142744","92.04","KOLN BONN, GM","  73.0","24","  64.4","24","9999.9"," 0","999.9"," 0","  6.2","21","  5.4","24","  8.9","999.9","  78.8","*","  66.2","*","99.99"," ","999.9","010000"
"10513099999","2015-07-22","50.865917","7.142744","92.04","KOLN BONN, GM","  70.6","24","  57.0","24","9999.9"," 0","999.9"," 0","  6.2","12","  5.6","24"," 14.0","999.9","  80.6","*","  62.6","*"," 0.00","I","999.9","000000"
"10513099999","2015-07-23","50.865917","7.142744","92.04","KOLN BONN, GM","  66.1","24","  51.0","24","9999.9"," 0","999.9"," 0","  6.2"," 8","  5.3","24"," 11.1","999.9","  75.2","*","  57.2","*"," 0.00","I","999.9","000000"
"10513099999","2015-07-24","50.865917","7.142744","92.04","KOLN BONN, GM","  68.5","24","  54.6","24","9999.9"," 0","999.9"," 0","999.9"," 0","  4.8","24"," 21.0"," 35.0","  80.6","*","  55.4","*","99.99"," ","999.9","010000"
"10513099999","2015-07-25","50.865917","7.142744","92.04","KOLN BONN, GM","  60.9","24","  53.9","24","9999.9"," 0","999.9"," 0","  6.2","18"," 14.9","24"," 28.0"," 39.0","  66.2","*","  51.8","*","99.99"," ","999.9","010000"
"10513099999","2015-07-26","50.865917","7.142744","92.04","KOLN BONN, GM","  59.4","24","  46.7","24","9999.9"," 0","999.9"," 0","  6.2","12","  6.7","24"," 13.0"," 18.1","  71.6","*","  48.2","*","99.99"," ","999.9","010000"
"10513099999","2015-07-27","50.865917","7.142744","92.04","KOLN BONN, GM","  61.1","24","  55.0","24","9999.9"," 0","999.9"," 0","  6.1","24","  9.2","24"," 20.0"," 31.1","  69.8","*","  55.4","*","99.99"," ","999.9","010000"
"10513099999","2015-07-28","50.865917","7.142744","92.04","KOLN BONN, GM","  59.8","24","  47.2","24","9999.9"," 0","999.9"," 0","  6.2","18"," 11.2","24"," 21.0","999.9","  66.2","*","  51.8","*"," 0.00","I","999.9","000000"
"10513099999","2015-07-29","50.865917","7.142744","92.04","KOLN BONN, GM","  58.3","24","  45.7","24","9999.9"," 0","999.9"," 0","  6.2","17","  8.8","24"," 17.1"," 25.1","  66.2","*","  50.0","*","99.99"," ","999.9","010000"
"10513099999","2015-07-30","50.865917","7.142744","92.04","KOLN BONN, GM","  55.2","24","  48.6","24","9999.9"," 0","999.9"," 0","  6.2","18","  4.2","24","  8.9"," 17.1","  66.2","*","  48.2","*","99.99"," ","999.9","010010"
"10513099999","2015-07-31","50.865917","7.142744","92.04","KOLN BONN, GM","  58.3","24","  44.6","24","9999.9"," 0","999.9"," 0","  4.6","12","  3.6","24","  8.0","999.9","  68.0","*","  48.2","*"," 0.00","I","999.9","100000"
"10513099999","2015-08-01","50.865917","7.142744","92.04","KOLN BONN, GM","  64.3","24","  46.0","24","9999.9"," 0","999.9"," 0","999.9"," 0","  3.5","24"," 11.1"," 12.0","  78.8","*","  50.0","*"," 0.00","I","999.9","000000"
"10513099999","2015-08-02","50.865917","7.142744","92.04","KOLN BONN, GM","  68.0","24","  48.7","24","9999.9"," 0","999.9"," 0","999.9"," 0","  3.9","24","  8.0","999.9","  80.6","*","  50.0","*"," 0.00","I","999.9","000000"
"10513099999","2015-08-03","50.865917","7.142744","92.04","KOLN BONN, GM","  77.6","24","  50.1","24","9999.9"," 0","999.9"," 0","999.9"," 0","  5.9","24"," 12.0"," 14.0","  91.4","*","  59.0","*"," 0.00","I","999.9","000000"
"10513099999","2015-08-04","50.865917","7.142744","92.04","KOLN BONN, GM","  67.3","24","  56.2","24","9999.9"," 0","999.9"," 0","  6.1","19","  5.2","24"," 14.0","999.9","  77.0","*","  55.4","*","99.99"," ","999.9","010000"
"10513099999","2015-08-05","50.865917","7.142744","92.04","KOLN BONN, GM","  66.9","24","  52.6","24","9999.9"," 0","999.9"," 0","  6.1","11","  5.7","24"," 11.1","999.9","  78.8","*","  51.8","*"," 0.00","I","999.9","100000"
"10513099999","2015-08-06","50.865917","7.142744","92.04","KOLN BONN, GM","  77.7","24","  54.6","24","9999.9"," 0","999.9"," 0","999.9"," 0","  6.9","24"," 13.0","999.9","  95.0","*","  64.4","*"," 0.00","I","999.9","000000"
"10513099999","2015-08-07","50.865917","7.142744","92.04","KOLN BONN, GM","  76.6","24","  60.3","24","9999.9"," 0","999.9"," 0","  6.2"," 6","  5.7","24"," 11.1","999.9","  91.4","*","  62.6","*","99.99"," ","999.9","010000"
"10513099999","2015-08-08","50.865917","7.142744","92.04","KOLN BONN, GM","  70.0","24","  63.7","24","9999.9"," 0","999.9"," 0","  4.5","24","  7.2","24"," 11.1","999.9","  73.4","*","  62.6","*","99.99"," ","999.9","010010"
"10513099999","2015-08-09","50.865917","7.142744","92.04","KOLN BONN, GM","  68.3","24","  59.6","24","9999.9"," 0","999.9"," 0","  6.1","11","  4.1","24","  8.9","999.9","  78.8","*","  59.0","*"," 0.00","I","999.9","000000"
"10513099999","2015-08-10","50.865917","7.142744","92.04","KOLN BONN, GM","  63.0","24","  58.5","24","9999.9"," 0","999.9"," 0","  5.7","21","  5.7","24"," 12.0","999.9","  68.0","*","  59.0","*","99.99"," ","999.9","010010"
"10513099999","2015-08-11","50.865917","7.142744","92.04","KOLN BONN, GM","  67.9","24","  59.9","24","9999.9"," 0","999.9"," 0","  4.1","19","  4.0","24","  8.9","999.9","  78.8","*","  59.0","*"," 0.00","I","999.9","100000"
"10513099999","2015-08-12","50.865917","7.142744","92.04","KOLN BONN, GM","  72.5","24","  63.1","24","9999.9"," 0","999.9"," 0","  6.2","11","  3.7","24","  8.9","999.9","  80.6","*","  64.4","*"," 0.00","I","999.9","000000"
"10513099999","2015-08-13","50.865917","7.142744","92.04","KOLN BONN, GM","  77.1","24","  62.8","24","9999.9"," 0","999.9"," 0","  6.2"," 9","  4.6","24"," 14.0","999.9","  89.6","*","  60.8","*","99.99"," ","999.9","010000"
"10513099999","2015-08-14","50.865917","7.142744","92.04","KOLN BONN, GM","  73.6","24","  61.3","24","9999.9"," 0","999.9"," 0","  6.2","13","  5.4","24"," 11.1","999.9","  80.6","*","  68.0","*","99.99"," ","999.9","010000"
"10513099999","2015-08-15","50.865917","7.142744","92.04","KOLN BONN, GM","  67.9","24","  58.0","24","9999.9"," 0","999.9"," 0","  6.2","20","  6.5","24"," 17.1","999.9","  75.2","*","  60.8","*","99.99"," ","999.9","010000"
"10513099999","2015-08-16","50.865917","7.142744","92.04","KOLN BONN, GM","  58.8","24","  56.7","24","9999.9"," 0","999.9"," 0","  4.9","24"," 10.0","24"," 12.0","999.9","  60.8","*","  57.2","*","99.99"," ","999.9","010000"
"10513099999","2015-08-17","50.865917","7.142744","92.04","KOLN BONN, GM","  56.3","24","  54.5","24","9999.9"," 0","999.9"," 0","  4.6","24","  8.6","24"," 12.0","999.9","  57.2","*","  55.4","*","99.99"," ","999.9","010000"
"10513099999","2015-08-18","50.865917","7.142744","92.04","KOLN BONN, GM","  58.6","24","  51.8","24","9999.9"," 0","999.9"," 0","  6.2","24","  5.3","24"," 11.1","999.9","  64.4","*","  53.6","*","99.99"," ","999.9","010000"
"10513099999","2015-08-19","50.865917","7.142744","92.04","KOLN BONN, GM","  59.5","24","  49.8","24","9999.9"," 0","999.9"," 0","  6.2","17","  2.9","24","  5.1","999.9","  69.8","*","  46.4","*"," 0.00","I","999.9","000000"
"10513099999","2015-08-20","50.865917","7.142744","92.04","KOLN BONN, GM","  64.8","24","  51.0","24","9999.9"," 0","999.9"," 0","  6.2"," 5","  3.7","24","  7.0","999.9","  77.0","*","  55.4","*"," 0.00","I","999.9","000000"
"10513099999","2015-08-21","50.865917","7.142744","92.04","KOLN BONN, GM","  67.5","24","  51.7","24","9999.9"," 0","999.9"," 0","999.9"," 0","  4.7","24","  8.0","999.9","  78.8","*","  55.4","*"," 0.00","I","999.9","000000"
"10513099999","2015-08-22","50.865917","7.142744","92.04","KOLN BONN, GM","  67.8","24","  48.4","24","9999.9"," 0","999.9"," 0","999.9"," 0","  5.2","24","  8.9","999.9","  78.8","*","  51.8","*"," 0.00","I","999.9","000000"
"10513099999","2015-08-23","50.865917","7.142744","92.04","KOLN BONN, GM","  69.3","24","  48.8","24","9999.9"," 0","999.9"," 0","  5.9"," 7","  7.8","24"," 15.9"," 27.0","  78.8","*","  59.0","*","99.99"," ","999.9","010000"
"10513099999","2015-08-24","50.865917","7.142744","92.04","KOLN BONN, GM","  65.8","24","  58.0","24","9999.9"," 0","999.9"," 0","  6.2","21"," 10.7","24"," 20.0"," 29.9","  75.2","*","  60.8","*","99.99"," ","999.9","010000"
"10513099999","2015-08-25","50.865917","7.142744","92.04","KOLN BONN, GM","  62.6","24","  49.4","24","9999.9"," 0","999.9"," 0","  6.2","21"," 11.8","24"," 17.1"," 25.1","  69.8","*","  57.2","*","99.99"," ","999.9","010000"
"10513099999","2015-08-26","50.865917","7.142744","92.04","KOLN BONN, GM","  70.6","24","  52.9","24","9999.9"," 0","999.9"," 0","  6.2","12"," 10.3","24"," 15.0","999.9","  80.6","*","  59.0","*","99.99"," ","999.9","010000"
"10513099999","2015-08-27","50.865917","7.142744","92.04","KOLN BONN, GM","  63.1","24","  55.3","24","9999.9"," 0","999.9"," 0","  5.9","22","  5.4","24","  9.9","999.9","  73.4","*","  55.4","*","99.99"," ","999.9","010000"
"10513099999","2015-08-28","50.865917","7.142744","92.04","KOLN BONN, GM","  60.6","24","  53.2","24","9999.9"," 0","999.9"," 0","  6.1","20","  3.2","24","  6.0","999.9","  69.8","*","  51.8","*","99.99"," ","999.9","010000"
"10513099999","2015-08-29","50.865917","7.142744","92.04","KOLN BONN, GM","  66.0","24","  57.6","24","9999.9"," 0","999.9"," 0","  6.2","22","  3.6","24","  8.0","999.9","  78.8","*","  50.0","*"," 0.00","I","999.9","000000"
"10513099999","2015-08-30","50.865917","7.142744","92.04","KOLN BONN, GM","  77.9","24","  65.2","24","9999.9"," 0","999.9"," 0","  6.2"," 4","  4.9","24","  8.9","999.9","  93.2","*","  68.0","*"," 0.00","I","999.9","000000"
"10513099999","2015-08-31","50.865917","7.142744","92.04","KOLN BONN, GM","  77.1","24","  59.4","24","9999.9"," 0","999.9"," 0","  6.2"," 6","  8.0","24"," 15.9"," 25.1","  89.6","*","  64.4","*"," 0.00","I","999.9","000000"
"10513099999","2015-09-01","50.865917","7.142744","92.04","KOLN BONN, GM","  62.2","24","  58.4","24","9999.9"," 0","999.9"," 0","  5.8","24","  7.2","24"," 15.0","999.9","  69.8","*","  53.6","*","99.99"," ","999.9","010000"
"10513099999","2015-09-02","50.865917","7.142744","92.04","KOLN BONN, GM","  58.0","24","  52.5","24","9999.9"," 0","999.9"," 0","  6.2","22","  3.1","24","  8.0","999.9","  66.2","*","  50.0","*","99.99"," ","999.9","010000"
"10513099999","2015-09-03","50.865917","7.142744","92.04","KOLN BONN, GM","  57.2","24","  50.1","24","9999.9"," 0","999.9"," 0","  5.8","17","  5.2","24"," 20.0","999.9","  68.0","*","  48.2","*","99.99"," ","999.9","010000"
"10513099999","2015-09-04","50.865917","7.142744","92.04","KOLN BONN, GM","  56.8","24","  47.8","24","9999.9"," 0","999.9"," 0","  6.2","22","  8.3","24"," 13.0","999.9","  64.4","*","  50.0","*","99.99"," ","999.9","010000"
"10513099999","2015-09-05","50.865917","7.142744","92.04","KOLN BONN, GM","  55.3","24","  51.4","24","9999.9"," 0","999.9"," 0","  5.9","23"," 10.2","24"," 18.1"," 28.9","  62.6","*","  50.0","*","99.99"," ","999.9","010000"
"10513099999","2015-09-06","50.865917","7.142744","92.04","KOLN BONN, GM","  54.4","24","  47.0","24","9999.9"," 0","999.9"," 0","  6.1","24","  9.7","24"," 15.0","999.9","  60.8","*","  50.0","*","99.99"," ","999.9","010000"
"10513099999","2015-09-07","50.865917","7.142744","92.04","KOLN BONN, GM","  55.4","24","  54.0","24","9999.9"," 0","999.9"," 0","  5.7","24","  6.6","24"," 11.1","999.9","  59.0","*","  51.8","*","99.99"," ","999.9","010000"
"10513099999","2015-09-08","50.865917","7.142744","92.04","KOLN BONN, GM","  56.4","24","  54.0","24","9999.9"," 0","999.9"," 0","  6.2","20","  3.3","24","  7.0","999.9","  60.8","*","  53.6","*","99.99"," ","999.9","010000"
"10513099999","2015-09-09","50.865917","7.142744","92.04","KOLN BONN, GM","  59.6","24","  49.1","24","9999.9"," 0","999.9"," 0","  6.2"," 8","  4.5","24","  8.0","999.9","  69.8","*","  50.0","*"," 0.00","I","999.9","000000"
"10513099999","2015-09-10","50.865917","7.142744","92.04","KOLN BONN, GM","  57.3","24","  45.3","24","9999.9"," 0","999.9"," 0","  6.2"," 4","  5.4","24","  8.9","999.9","  68.0","*","  46.4","*"," 0.00","I","999.9","000000"
"10513099999","2015-09-11","50.865917","7.142744","92.04","KOLN BONN, GM","  56.1","24","  46.5","24","9999.9"," 0","999.9"," 0","  6.2"," 9","  4.0","24","  7.0","999.9","  69.8","*","  41.0","*"," 0.00","I","999.9","000000"
"10513099999","2015-09-12","50.865917","7.142744","92.04","KOLN BONN, GM","  61.0","24","  53.9","24","9999.9"," 0","999.9"," 0","  6.0","15","  6.0","24"," 14.0","999.9","  73.4","*","  53.6","*","99.99"," ","999.9","010000"
"10513099999","2015-09-13","50.865917","7.142744","92.04","KOLN BONN, GM","  62.2","24","  59.7","24","9999.9"," 0","999.9"," 0","  6.2","21","  6.3","24","  9.9","999.9","  66.2","*","  59.0","*","99.99"," ","999.9","010000"
"10513099999","2015-09-14","50.865917","7.142744","92.04","KOLN BONN, GM","  61.6","24","  53.8","24","9999.9"," 0","999.9"," 0","  6.2","23","  9.4","24"," 17.1"," 27.0","  69.8","*","  53.6","*","99.99"," ","999.9","010010"
"10513099999","2015-09-15","50.865917","7.142744","92.04","KOLN BONN, GM","  56.7","24","  47.2","24","9999.9"," 0","999.9"," 0","  6.2","18"," 10.2","24"," 18.1"," 28.9","  64.4","*","  50.0","*","99.99"," ","999.9","010000"
"10513099999","2015-09-16","50.865917","7.142744","92.04","KOLN BONN, GM","  59.6","24","  56.1","24","9999.9"," 0","999.9"," 0","  6.2","20"," 12.7","24"," 24.1"," 26.0","  66.2","*","  53.6","*","99.99"," ","999.9","010010"
"10513099999","2015-09-17","50.865917","7.142744","92.04","KOLN BONN, GM","  58.6","24","  52.8","24","9999.9"," 0","999.9"," 0","  6.2","20"," 10.2","24"," 17.1"," 26.0","  62.6","*","  50.0","*","99.99"," ","999.9","010000"
"10513099999","2015-09-18","50.865917","7.142744","92.04","KOLN BONN, GM","  58.6","24","  51.0","24","9999.9"," 0","999.9"," 0","  6.2","17","  7.0","24"," 14.0","999.9","  68.0","*","  51.8","*","99.99"," ","999.9","010000"
"10513099999","2015-09-19","50.865917","7.142744","92.04","KOLN BONN, GM","  57.0","24","  53.6","24","9999.9"," 0","999.9"," 0","  6.2","23","  4.8","24","  7.0","999.9","  64.4","*","  51.8","*","99.99"," ","999.9","010000"
"10513099999","2015-09-20","50.865917","7.142744","92.04","KOLN BONN, GM","  54.9","24","  50.8","24","9999.9"," 0","999.9"," 0","  6.2","19","  3.2","24","  7.0","999.9","  60.8","*","  50.0","*"," 0.00","I","999.9","000000"
"10513099999","2015-09-21","50.865917","7.142744","92.04","KOLN BONN, GM","  56.4","24","  48.6","24","9999.9"," 0","999.9"," 0","  6.2","16","  4.5","24","  8.0","999.9","  66.2","*","  44.6","*","99.99"," ","999.9","010000"
"10513099999","2015-09-22","50.865917","7.142744","92.04","KOLN BONN, GM","  54.3","24","  51.4","24","9999.9"," 0","999.9"," 0","  6.1","23","  6.0","24"," 11.1"," 14.0","  60.8","*","  46.4","*","99.99"," ","999.9","010000"
"10513099999","2015-09-23","50.865917","7.142744","92.04","KOLN BONN, GM","  53.6","24","  51.5","24","9999.9"," 0","999.9"," 0","  6.2","24","  7.1","24"," 14.0","999.9","  60.8","*","  46.4","*","99.99"," ","999.9","010000"
"10513099999","2015-09-24","50.865917","7.142744","92.04","KOLN BONN, GM","  57.2","24","  49.8","24","9999.9"," 0","999.9"," 0","  6.2","23","  7.3","24"," 11.1","999.9","  66.2","*","  50.0","*"," 0.00","I","999.9","000000"
"10513099999","2015-09-25","50.865917","7.142744","92.04","KOLN BONN, GM","  56.1","24","  50.1","24","9999.9"," 0","999.9"," 0","  6.2","22","  3.8","24","  8.0","999.9","  62.6","*","  46.4","*"," 0.00","I","999.9","000000"
"10513099999","2015-09-26","50.865917","7.142744","92.04","KOLN BONN, GM","  51.3","24","  47.8","24","9999.9"," 0","999.9"," 0","  6.2","21","  3.7","24","  8.0","999.9","  59.0","*","  42.8","*"," 0.00","I","999.9","000000"
"10513099999","2015-09-27","50.865917","7.142744","92.04","KOLN BONN, GM","  51.0","24","  43.8","24","9999.9"," 0","999.9"," 0","  6.2","15","  4.6","24","  9.9","999.9","  62.6","*","  37.4","*"," 0.00","I","999.9","000000"
"10513099999","2015-09-28","50.865917","7.142744","92.04","KOLN BONN, GM","  51.1","24","  43.2","24","9999.9"," 0","999.9"," 0","  6.2","15","  3.2","24","  8.0","999.9","  64.4","*","  37.4","*"," 0.00","I","999.9","000000"
"10513099999","2015-09-29","50.865917","7.142744","92.04","KOLN BONN, GM","  52.4","24","  41.7","24","9999.9"," 0","999.9"," 0","  6.2","10","  5.4","24"," 12.0"," 19.0","  64.4","*","  37.4","*"," 0.00","I","999.9","100000"
"10513099999","2015-09-30","50.865917","7.142744","92.04","KOLN BONN, GM","  53.0","24","  41.4","24","9999.9"," 0","999.9"," 0","999.9"," 0","  6.4","24"," 12.0","999.9","  64.4","*","  44.6","*"," 0.00","I","999.9","000000"
"10513099999","2015-10-01","50.865917","7.142744","92.04","KOLN BONN, GM","  50.8","24","  38.6","24","9999.9"," 0","999.9"," 0","999.9"," 0","  5.3","24","  9.9"," 15.9","  62.6","*","  39.2","*"," 0.00","I","999.9","000000"
"10513099999","2015-10-02","50.865917","7.142744","92.04","KOLN BONN, GM","  50.7","24","  42.2","24","9999.9"," 0","999.9"," 0","  6.2"," 5","  2.7","24","  6.0","999.9","  69.8","*","  35.6","*"," 0.00","I","999.9","000000"
"10513099999","2015-10-03","50.865917","7.142744","92.04","KOLN BONN, GM","  55.0","24","  46.5","24","9999.9"," 0","999.9"," 0","  6.2","10","  2.8","24","  7.0","999.9","  69.8","*","  41.0","*"," 0.00","I","999.9","000000"
"10513099999","2015-10-04","50.865917","7.142744","92.04","KOLN BONN, GM","  55.2","24","  49.8","24","9999.9"," 0","999.9"," 0","  6.2","20","  5.1","24","  9.9","999.9","  64.4","*","  46.4","*","99.99"," ","999.9","010000"
"10513099999","2015-10-05","50.865917","7.142744","92.04","KOLN BONN, GM","  55.9","24","  51.5","24","9999.9"," 0","999.9"," 0","  6.0","16","  7.3","24"," 14.0","999.9","  60.8","*","  50.0","*","99.99"," ","999.9","010000"
"10513099999","2015-10-06","50.865917","7.142744","92.04","KOLN BONN, GM","  61.6","24","  58.5","24","9999.9"," 0","999.9"," 0","  6.1","21","  7.5","24"," 12.0","999.9","  68.0","*","  57.2","*","99.99"," ","999.9","010000"
"10513099999","2015-10-07","50.865917","7.142744","92.04","KOLN BONN, GM","  59.4","24","  55.0","24","9999.9"," 0","999.9"," 0","  6.1","24","  6.3","24"," 13.0","999.9","  64.4","*","  55.4","*","99.99"," ","999.9","010000"
"10513099999","2015-10-08","50.865917","7.142744","92.04","KOLN BONN, GM","  53.5","24","  52.7","24","9999.9"," 0","999.9"," 0","  4.3","24","  4.7","24","  8.9","999.9","  55.4","*","  51.8","*","99.99"," ","999.9","010000"
"10513099999","2015-10-09","50.865917","7.142744","92.04","KOLN BONN, GM","  53.9","24","  52.1","24","9999.9"," 0","999.9"," 0","  5.6","24","  2.8","24","  7.0","999.9","  57.2","*","  51.8","*","99.99"," ","999.9","010000"
"10513099999","2015-10-10","50.865917","7.142744","92.04","KOLN BONN, GM","  52.5","24","  48.2","24","9999.9"," 0","999.9"," 0","  6.2","18","  4.2","24","  8.0","999.9","  60.8","*","  42.8","*"," 0.00","I","999.9","000000"
"10513099999","2015-10-11","50.865917","7.142744","92.04","KOLN BONN, GM","  45.7","24","  35.6","24","9999.9"," 0","999.9"," 0","  6.2"," 7","  3.7","24","  8.0","999.9","  59.0","*","  35.6","*"," 0.00","I","999.9","000000"
"10513099999","2015-10-12","50.865917","7.142744","92.04","KOLN BONN, GM","  42.5","24","  33.9","24","9999.9"," 0","999.9"," 0","999.9"," 0","  4.0","24","  7.0","999.9","  53.6","*","  32.0","*"," 0.00","I","999.9","000000"
"10513099999","2015-10-13","50.865917","7.142744","92.04","KOLN BONN, GM","  39.0","24","  35.6","24","9999.9"," 0","999.9"," 0","  5.9","18","  4.6","24","  8.9","999.9","  48.2","*","  30.2","*","99.99"," ","999.9","010000"
"10513099999","2015-10-14","50.865917","7.142744","92.04","KOLN BONN, GM","  39.0","24","  36.8","24","9999.9"," 0","999.9"," 0","  5.7","24","  4.4","24","  7.0","999.9","  41.0","*","  37.4","*","99.99"," ","999.9","010000"
"10513099999","2015-10-15","50.865917","7.142744","92.04","KOLN BONN, GM","  38.6","24","  38.5","24","9999.9"," 0","999.9"," 0","  3.7","24","  4.7","24","  7.0","999.9","  41.0","*","  33.8","*","99.99"," ","999.9","010000"
"10513099999","2015-10-16","50.865917","7.142744","92.04","KOLN BONN, GM","  43.1","24","  41.4","24","9999.9"," 0","999.9"," 0","  5.8","24","  2.9","24","  5.1","999.9","  46.4","*","  41.0","*","99.99"," ","999.9","010000"
"10513099999","2015-10-17","50.865917","7.142744","92.04","KOLN BONN, GM","  43.9","24","  40.9","24","9999.9"," 0","999.9"," 0","  6.2","22","  4.2","24","  8.0","999.9","  46.4","*","  42.8","*","99.99"," ","999.9","010000"
"10513099999","2015-10-18","50.865917","7.142744","92.04","KOLN BONN, GM","  45.7","24","  41.1","24","9999.9"," 0","999.9"," 0","  6.0","21","  2.4","24","  4.1","999.9","  51.8","*","  39.2","*","99.99"," ","999.9","010000"
"10513099999","2015-10-19","50.865917","7.142744","92.04","KOLN BONN, GM","  46.8","24","  45.4","24","9999.9"," 0","999.9"," 0","  4.3","24","  2.8","24","  6.0","999.9","  50.0","*","  41.0","*","99.99"," ","999.9","010000"
"10513099999","2015-10-20","50.865917","7.142744","92.04","KOLN BONN, GM","  46.0","24","  45.0","24","9999.9"," 0","999.9"," 0","  4.0","24","  2.9","24","  8.0","999.9","  51.8","*","  39.2","*","99.99"," ","999.9","110000"
"10513099999","2015-10-21","50.865917","7.142744","92.04","KOLN BONN, GM","  50.4","24","  46.6","24","9999.9"," 0","999.9"," 0","  4.5","24","  3.6","24","  7.0","999.9","  57.2","*","  46.4","*","99.99"," ","999.9","010000"
"10513099999","2015-10-22","50.865917","7.142744","92.04","KOLN BONN, GM","  51.9","24","  50.7","24","9999.9"," 0","999.9"," 0","  5.4","24","  6.2","24"," 12.0","999.9","  57.2","*","  48.2","*","99.99"," ","999.9","010000"
"10513099999","2015-10-23","50.865917","7.142744","92.04","KOLN BONN, GM","  53.5","24","  46.9","24","9999.9"," 0","999.9"," 0","  6.2","24","  3.8","24","  7.0","999.9","  60.8","*","  48.2","*"," 0.00","I","999.9","000000"
"10513099999","2015-10-24","50.865917","7.142744","92.04","KOLN BONN, GM","  51.6","24","  46.0","24","9999.9"," 0","999.9"," 0","  6.2","23","  4.6","24","  8.9","999.9","  55.4","*","  50.0","*","99.99"," ","999.9","010000"
"10513099999","2015-10-25","50.865917","7.142744","92.04","KOLN BONN, GM","  52.1","24","  50.1","24","9999.9"," 0","999.9"," 0","  5.7","24","  2.8","24","  6.0","999.9","  55.4","*","  48.2","*","99.99"," ","999.9","010000"
"10513099999","2015-10-26","50.865917","7.142744","92.04","KOLN BONN, GM","  51.9","24","  46.9","24","9999.9"," 0","999.9"," 0","  6.2","11","  5.8","24"," 14.0","999.9","  62.6","*","  41.0","*"," 0.00","I","999.9","000000"
"10513099999","2015-10-27","50.865917","7.142744","92.04","KOLN BONN, GM","  50.9","24","  46.5","24","9999.9"," 0","999.9"," 0","  6.2"," 4","  7.5","24"," 13.0","999.9","  59.0","*","  46.4","*"," 0.00","I","999.9","000000"
"10513099999","2015-10-28","50.865917","7.142744","92.04","KOLN BONN, GM","  49.2","24","  45.6","24","9999.9"," 0","999.9"," 0","  5.9","21","  8.0","24"," 12.0","999.9","  51.8","*","  46.4","*","99.99"," ","999.9","010000"
"10513099999","2015-10-29","50.865917","7.142744","92.04","KOLN BONN, GM","  52.8","24","  47.5","24","9999.9"," 0","999.9"," 0","  6.2","18","  3.4","24","  6.0","999.9","  62.6","*","  46.4","*","99.99"," ","999.9","010000"
"10513099999","2015-10-30","50.865917","7.142744","92.04","KOLN BONN, GM","  48.4","24","  45.5","24","9999.9"," 0","999.9"," 0","  5.7","15","  5.1","24"," 11.1","999.9","  55.4","*","  42.8","*"," 0.00","I","999.9","000000"
"10513099999","2015-10-31","50.865917","7.142744","92.04","KOLN BONN, GM","  46.6","24","  43.4","24","9999.9"," 0","999.9"," 0","  5.8","14","  8.2","24"," 15.9","999.9","  51.8","*","  42.8","*"," 0.00","I","999.9","000000"
"10513099999","2015-11-01","50.865917","7.142744","92.04","KOLN BONN, GM","  47.0","24","  44.4","24","9999.9"," 0","999.9"," 0","  4.7","16","  3.5","24","  7.0","999.9","  59.0","*","  41.0","*"," 0.00","I","999.9","000000"
"10513099999","2015-11-02","50.865917","7.142744","92.04","KOLN BONN, GM","  46.9","24","  40.0","24","9999.9"," 0","999.9"," 0","  6.2"," 5","  5.9","24"," 12.0","999.9","  59.0","*","  35.6","*"," 0.00","I","999.9","000000"
"10513099999","2015-11-03","50.865917","7.142744","92.04","KOLN BONN, GM","  45.4","24","  39.3","24","9999.9"," 0","999.9"," 0","999.9"," 0","  4.5","24","  8.0","999.9","  57.2","*","  33.8","*"," 0.00","I","999.9","000000"
"10513099999","2015-11-04","50.865917","7.142744","92.04","KOLN BONN, GM","  51.8","24","  45.7","24","9999.9"," 0","999.9"," 0","  6.2","12","  6.8","24"," 11.1","999.9","  59.0","*","  44.6","*","99.99"," ","999.9","010000"
"10513099999","2015-11-05","50.865917","7.142744","92.04","KOLN BONN, GM","  56.8","24","  51.6","24","9999.9"," 0","999.9"," 0","  6.2","18","  5.8","24","  8.9","999.9","  60.8","*","  51.8","*","99.99"," ","999.9","010000"
"10513099999","2015-11-06","50.865917","7.142744","92.04","KOLN BONN, GM","  58.3","24","  54.3","24","9999.9"," 0","999.9"," 0","  6.2","24","  6.8","24","  8.9","999.9","  62.6","*","  55.4","*","99.99"," ","999.9","010000"
"10513099999","2015-11-07","50.865917","7.142744","92.04","KOLN BONN, GM","  62.6","24","  59.4","24","9999.9"," 0","999.9"," 0","  6.2","20","  7.1","24"," 12.0","999.9","  66.2","*","  59.0","*","99.99"," ","999.9","010000"
"10513099999","2015-11-08","50.865917","7.142744","92.04","KOLN BONN, GM","  58.3","24","  53.1","24","9999.9"," 0","999.9"," 0","  6.2","11","  6.6","24"," 11.1","999.9","  64.4","*","  51.8","*"," 0.00","I","999.9","000000"
"10513099999","2015-11-09","50.865917","7.142744","92.04","KOLN BONN, GM","  59.4","24","  50.0","24","9999.9"," 0","999.9"," 0","  6.2","20","  9.7","24"," 18.1"," 22.9","  62.6","*","  55.4","*","99.99"," ","999.9","010000"
"10513099999","2015-11-10","50.865917","7.142744","92.04","KOLN BONN, GM","  58.2","24","  49.9","24","9999.9"," 0","999.9"," 0","  6.2","24","  6.2","24"," 11.1","999.9","  60.8","*","  57.2","*","99.99"," ","999.9","010000"
"10513099999","2015-11-11","50.865917","7.142744","92.04","KOLN BONN, GM","  53.1","24","  46.1","24","9999.9"," 0","999.9"," 0","  6.2","24","  5.8","24","  8.9","999.9","  55.4","*","  50.0","*","99.99"," ","999.9","010000"
"10513099999","2015-11-12","50.865917","7.142744","92.04","KOLN BONN, GM","  54.7","24","  48.3","24","9999.9"," 0","999.9"," 0","  6.2","24","  5.2","24","  8.9","999.9","  60.8","*","  51.8","*","99.99"," ","999.9","010000"
"10513099999","2015-11-13","50.865917","7.142744","92.04","KOLN BONN, GM","  52.5","24","  46.5","24","9999.9"," 0","999.9"," 0","  5.9","20","  8.9","24"," 18.1"," 39.0","  57.2","*","  46.4","*","99.99"," ","999.9","010000"
"10513099999","2015-11-14","50.865917","7.142744","92.04","KOLN BONN, GM","  47.5","24","  40.7","24","9999.9"," 0","999.9"," 0","  6.2","20"," 10.7","24"," 17.1"," 18.1","  51.8","*","  42.8","*","99.99"," ","999.9","010000"
"10513099999","2015-11-15","50.865917","7.142744","92.04","KOLN BONN, GM","  56.4","24","  49.5","24","9999.9"," 0","999.9"," 0","  6.2","24"," 13.3","24"," 22.9"," 36.9","  60.8","*","  50.0","*","99.99"," ","999.9","010000"
"10513099999","2015-11-16","50.865917","7.142744","92.04","KOLN BONN, GM","  52.8","24","  47.7","24","9999.9"," 0","999.9"," 0","  6.1","24","  7.3","24"," 12.0","999.9","  57.2","*","  48.2","*","99.99"," ","999.9","010000"
"10513099999","2015-11-17","50.865917","7.142744","92.04","KOLN BONN, GM","  57.3","24","  52.0","24","9999.9"," 0","999.9"," 0","  6.2","24"," 10.1","24"," 24.1"," 35.0","  60.8","*","  51.8","*","99.99"," ","999.9","010000"
"10513099999","2015-11-18","50.865917","7.142744","92.04","KOLN BONN, GM","  56.2","24","  44.5","24","9999.9"," 0","999.9"," 0","  6.2","20"," 15.3","24"," 27.0"," 46.0","  59.0","*","  53.6","*","99.99"," ","999.9","010000"
"10513099999","2015-11-19","50.865917","7.142744","92.04","KOLN BONN, GM","  52.1","24","  47.3","24","9999.9"," 0","999.9"," 0","  6.0","24"," 10.7","24"," 20.0"," 29.9","  57.2","*","  46.4","*","99.99"," ","999.9","010000"
"10513099999","2015-11-20","50.865917","7.142744","92.04","KOLN BONN, GM","  45.5","24","  43.1","24","9999.9"," 0","999.9"," 0","  6.2","24","  8.1","24"," 15.0","999.9","  48.2","*","  41.0","*","99.99"," ","999.9","010000"
"10513099999","2015-11-21","50.865917","7.142744","92.04","KOLN BONN, GM","  40.0","24","  35.6","24","9999.9"," 0","999.9"," 0","  6.2","24","  6.3","24","  9.9","999.9","  42.8","*","  37.4","*","99.99"," ","999.9","010000"
"10513099999","2015-11-22","50.865917","7.142744","92.04","KOLN BONN, GM","  36.8","24","  34.5","24","9999.9"," 0","999.9"," 0","  6.2","24","  9.4","24"," 15.0","999.9","  41.0","*","  33.8","*","99.99"," ","999.9","010000"
"10513099999","2015-11-23","50.865917","7.142744","92.04","KOLN BONN, GM","  36.4","24","  32.8","24","9999.9"," 0","999.9"," 0","  6.2","17","  5.6","24","  9.9","999.9","  42.8","*","  33.8","*","99.99"," ","999.9","010000"
"10513099999","2015-11-24","50.865917","7.142744","92.04","KOLN BONN, GM","  34.2","24","  31.0","24","9999.9"," 0","999.9"," 0","  4.3","11","  8.8","24"," 14.0","999.9","  39.2","*","  32.0","*","99.99"," ","999.9","011000"
"10513099999","2015-11-25","50.865917","7.142744","92.04","KOLN BONN, GM","  39.7","24","  38.7","24","9999.9"," 0","999.9"," 0","  6.2","24","  6.1","24"," 13.0","999.9","  44.6","*","  33.8","*","99.99"," ","999.9","010000"
"10513099999","2015-11-26","50.865917","7.142744","92.04","KOLN BONN, GM","  38.1","24","  37.2","24","9999.9"," 0","999.9"," 0","  6.2","24","  3.9","24","  8.9","999.9","  44.6","*","  30.2","*","99.99"," ","999.9","010000"
"10513099999","2015-11-27","50.865917","7.142744","92.04","KOLN BONN, GM","  35.2","24","  33.3","24","9999.9"," 0","999.9"," 0","  3.9","15","  5.8","24"," 11.1","999.9","  42.8","*","  30.2","*","99.99"," ","999.9","110000"
"10513099999","2015-11-28","50.865917","7.142744","92.04","KOLN BONN, GM","  40.8","24","  35.8","24","9999.9"," 0","999.9"," 0","  6.1","21"," 10.6","24"," 17.1"," 27.0","  44.6","*","  35.6","*","99.99"," ","999.9","010000"
"10513099999","2015-11-29","50.865917","7.142744","92.04","KOLN BONN, GM","  48.5","24","  43.4","24","9999.9"," 0","999.9"," 0","  6.2","24"," 14.3","24"," 27.0"," 41.0","  53.6","*","  42.8","*","99.99"," ","999.9","010000"
"10513099999","2015-11-30","50.865917","7.142744","92.04","KOLN BONN, GM","  49.0","24","  45.3","24","9999.9"," 0","999.9"," 0","  6.1","24"," 13.2","24"," 27.0"," 40.0","  53.6","*","  46.4","*","99.99"," ","999.9","010000"
"10513099999","2015-12-01","50.865917","7.142744","92.04","KOLN BONN, GM","  49.7","24","  48.4","24","9999.9"," 0","999.9"," 0","  5.0","24","  7.9","24"," 22.0"," 32.1","  53.6","*","  44.6","*","99.99"," ","999.9","010000"
"10513099999","2015-12-02","50.865917","7.142744","92.04","KOLN BONN, GM","  48.6","24","  41.0","24","9999.9"," 0","999.9"," 0","  6.2","24","  7.4","24"," 11.1","999.9","  51.8","*","  41.0","*"," 0.00","I","999.9","000000"
"10513099999","2015-12-03","50.865917","7.142744","92.04","KOLN BONN, GM","  47.1","24","  38.8","24","9999.9"," 0","999.9"," 0","  6.2","11","  6.9","24"," 11.1","999.9","  53.6","*","  42.8","*"," 0.00","I","999.9","000000"
"10513099999","2015-12-04","50.865917","7.142744","92.04","KOLN BONN, GM","  45.5","16","  41.7","16","9999.9"," 0","999.9"," 0","  6.2","11","  7.3","16"," 13.0","999.9","  50.0","*","  39.2","*","99.99"," ","999.9","010000"
"10513099999","2015-12-05","50.865917","7.142744","92.04","KOLN BONN, GM","  41.8","22","  36.3","22","9999.9"," 0","999.9"," 0","999.9"," 0","  8.9","22"," 11.1","999.9","  46.4","*","  37.4","*"," 0.00","I","999.9","000000"
"10513099999","2015-12-06","50.865917","7.142744","92.04","KOLN BONN, GM","  47.4","24","  41.1","24","9999.9"," 0","999.9"," 0","  6.2","18","  9.2","24"," 15.0","999.9","  53.6","*","  39.2","*"," 0.00","I","999.9","000000"
"10513099999","2015-12-07","50.865917","7.142744","92.04","KOLN BONN, GM","  52.3","24","  45.0","24","9999.9"," 0","999.9"," 0","  6.2","10","  6.6","24"," 11.1","999.9","  59.0","*","  48.2","*"," 0.00","I","999.9","000000"
"10513099999","2015-12-08","50.865917","7.142744","92.04","KOLN BONN, GM","  50.4","24","  44.1","24","9999.9"," 0","999.9"," 0","  6.2"," 8","  7.0","24"," 12.0","999.9","  57.2","*","  48.2","*","99.99"," ","999.9","010000"
"10513099999","2015-12-09","50.865917","7.142744","92.04","KOLN BONN, GM","  44.8","23","  41.4","23","9999.9"," 0","999.9"," 0","  6.2","17","  7.1","23"," 11.1","999.9","  50.0","*","  35.6","*","99.99"," ","999.9","010000"
"10513099999","2015-12-10","50.865917","7.142744","92.04","KOLN BONN, GM","  38.2","24","  34.8","24","9999.9"," 0","999.9"," 0","999.9"," 0","  6.8","24"," 11.1","999.9","  46.4","*","  33.8","*"," 0.00","I","999.9","000000"
"10513099999","2015-12-11","50.865917","7.142744","92.04","KOLN BONN, GM","  41.0","24","  39.2","24","9999.9"," 0","999.9"," 0","  5.9","21","  8.4","24"," 12.0","999.9","  46.4","*","  35.6","*","99.99"," ","999.9","010000"
"10513099999","2015-12-12","50.865917","7.142744","92.04","KOLN BONN, GM","  45.0","24","  43.0","24","9999.9"," 0","999.9"," 0","  6.2","20","  5.8","24"," 12.0","999.9","  50.0","*","  39.2","*","99.99"," ","999.9","010000"
"10513099999","2015-12-13","50.865917","7.142744","92.04","KOLN BONN, GM","  45.6","24","  43.8","24","9999.9"," 0","999.9"," 0","  5.8","24","  5.4","24"," 17.1"," 21.0","  50.0","*","  42.8","*","99.99"," ","999.9","010000"
"10513099999","2015-12-14","50.865917","7.142744","92.04","KOLN BONN, GM","  44.5","24","  42.3","24","9999.9"," 0","999.9"," 0","  6.2","19","  5.8","24"," 11.1","999.9","  48.2","*","  41.0","*"," 0.00","I","999.9","000000"
"10513099999","2015-12-15","50.865917","7.142744","92.04","KOLN BONN, GM","  45.0","24","  41.6","24","9999.9"," 0","999.9"," 0","  6.0"," 5","  4.6","24","  8.9","999.9","  50.0","*","  41.0","*","99.99"," ","999.9","010000"
"10513099999","2015-12-16","50.865917","7.142744","92.04","KOLN BONN, GM","  50.1","24","  49.2","24","9999.9"," 0","999.9"," 0","  5.8","24","  6.5","24","  8.9","999.9","  53.6","*","  46.4","*","99.99"," ","999.9","010000"
"10513099999","2015-12-17","50.865917","7.142744","92.04","KOLN BONN, GM","  55.2","24","  52.0","24","9999.9"," 0","999.9"," 0","  6.2","15","  6.8","24","  9.9","999.9","  59.0","*","  53.6","*","99.99"," ","999.9","010000"
"10513099999","2015-12-18","50.865917","7.142744","92.04","KOLN BONN, GM","  52.8","24","  48.0","24","9999.9"," 0","999.9"," 0","  6.2","22","  6.0","24","  9.9","999.9","  55.4","*","  48.2","*","99.99"," ","999.9","010000"
"10513099999","2015-12-19","50.865917","7.142744","92.04","KOLN BONN, GM","  52.9","24","  48.5","24","9999.9"," 0","999.9"," 0","  6.2","14","  7.1","24"," 12.0","999.9","  59.0","*","  48.2","*"," 0.00","I","999.9","000000"
"10513099999","2015-12-20","50.865917","7.142744","92.04","KOLN BONN, GM","  51.5","24","  46.2","24","9999.9"," 0","999.9"," 0","999.9"," 0","  6.8","24","  9.9","999.9","  53.6","*","  50.0","*"," 0.00","I","999.9","000000"
"10513099999","2015-12-21","50.865917","7.142744","92.04","KOLN BONN, GM","  51.7","24","  43.5","24","9999.9"," 0","999.9"," 0","  6.2","23"," 10.4","24"," 18.1"," 27.0","  53.6","*","  44.6","*","99.99"," ","999.9","010000"
"10513099999","2015-12-22","50.865917","7.142744","92.04","KOLN BONN, GM","  53.0","24","  47.6","24","9999.9"," 0","999.9"," 0","  6.2","19","  9.6","24"," 14.0","999.9","  57.2","*","  50.0","*","99.99"," ","999.9","010000"
"10513099999","2015-12-23","50.865917","7.142744","92.04","KOLN BONN, GM","  50.8","24","  43.5","24","9999.9"," 0","999.9"," 0","  6.2","14","  9.5","24"," 18.1"," 24.1","  55.4","*","  42.8","*","99.99"," ","999.9","010000"
"10513099999","2015-12-24","50.865917","7.142744","92.04","KOLN BONN, GM","  51.2","24","  44.8","24","9999.9"," 0","999.9"," 0","  6.2","14"," 10.3","24"," 17.1"," 29.9","  57.2","*","  42.8","*","99.99"," ","999.9","010000"
"10513099999","2015-12-25","50.865917","7.142744","92.04","KOLN BONN, GM","  49.6","24","  46.0","24","9999.9"," 0","999.9"," 0","  6.1","21","  6.6","24","  8.9","999.9","  55.4","*","  46.4","*","99.99"," ","999.9","010000"
"10513099999","2015-12-26","50.865917","7.142744","92.04","KOLN BONN, GM","  54.0","24","  45.6","24","9999.9"," 0","999.9"," 0","  6.2","10","  8.1","24"," 11.1","999.9","  60.8","*","  44.6","*"," 0.00","I","999.9","000000"
"10513099999","2015-12-27","50.865917","7.142744","92.04","KOLN BONN, GM","  49.3","24","  43.0","24","9999.9"," 0","999.9"," 0","  6.2"," 6","  8.2","24"," 12.0","999.9","  55.4","*","  44.6","*"," 0.00","I","999.9","000000"
"10513099999","2015-12-28","50.865917","7.142744","92.04","KOLN BONN, GM","  46.9","24","  39.6","24","9999.9"," 0","999.9"," 0","999.9"," 0","  7.1","24"," 13.0","999.9","  53.6","*","  42.8","*"," 0.00","I","999.9","000000"
"10513099999","2015-12-29","50.865917","7.142744","92.04","KOLN BONN, GM","  46.5","24","  38.2","24","9999.9"," 0","999.9"," 0","  6.2","10","  7.8","24"," 12.0","999.9","  51.8","*","  42.8","*"," 0.00","I","999.9","000000"
"10513099999","2015-12-30","50.865917","7.142744","92.04","KOLN BONN, GM","  43.0","24","  39.2","24","9999.9"," 0","999.9"," 0","  6.2","19"," 10.0","24"," 15.0"," 27.0","  46.4","*","  41.0","*"," 0.00","I","999.9","000000"
"10513099999","2015-12-31","50.865917","7.142744","92.04","KOLN BONN, GM","  43.8","24","  38.5","24","9999.9"," 0","999.9"," 0","  6.2","14","  8.2","24"," 14.0","999.9","  51.8","*","  37.4","*","99.99"," ","999.9","010000"
